Workbook

Sheet 사용법
B2: 모의고사 성적표 (2026 고3 심화 모의평가 27차)
B5: 이 파일 하나로 한 회차가 끝납니다
B6: 회차마다 새 파일을 만들지 마시고, 이 파일을 복사해서 이름만 바꿔 쓰십시오. (예: 모의고사-성적표-28차.xlsx)
B8: 1단계 · 회차설정 시트 — 회차마다 여기만 고칩니다
B9: · 시험 이름, 시행일, 등급컷을 적습니다. · 영역 표: 어느 문항이 어느 영역인지 적습니다. (예: 독서론 1~3) · 문항별 정답·배점: 답지를 보고 그대로 옮겨 적습니다. · 다 적으면 맨 위 '확인' 칸에 '정상입니다'가 뜹니다. 빨간 글씨가 뜨면 배점 합계나 영역 표의 시작·끝 번호를 다시 보십시오. (이 확인이 지난 시트의 118% 오류를 막아 줍니다) · 27차 값은 이미 채워 넣었습니다. 등급컷만 확인해 주십시오.
B11: 2단계 · 답안입력 시트 — 학생 OMR을 옮겨 적습니다
B12: · 한 줄에 학생 한 명입니다. 이름 / 학년 / 선택과목을 적고 1~45번 답을 적습니다. · 빠른 방법: '한 번에 입력' 칸에 45자리를 이어서 붙여 넣으면 됩니다. (예: 434255332… 45글자) 이 칸이 채워져 있으면 옆의 낱칸은 비워 두어도 됩니다. · 선택과목에 따라 35~45번은 알아서 다른 정답표로 채점됩니다. · 맨 오른쪽에 점수와 등급이 바로 나옵니다.
B14: 3단계 · 성적표 시트 — 한 명씩 보고 인쇄합니다
B15: · 맨 위 이름 칸을 누르면 학생 목록이 펼쳐집니다. 고르면 성적표가 그 학생 것으로 바뀝니다. · 그대로 인쇄하면 A4 한 장입니다.
B17: 4단계 · 성적표(전원) 시트 — 한 번에 모두 인쇄합니다
B18: · 답안입력에 적은 학생들의 성적표가 위에서부터 차례로 들어 있습니다. · 학생마다 쪽이 나뉘어 있어서, 그냥 인쇄하면 전원 성적표가 한 번에 나옵니다. · 학생이 없는 자리는 빈 쪽이 되니, 인쇄할 쪽 범위만 정해 주시면 됩니다.
B20: 5단계 · 분석 시트 — 반 전체를 봅니다
... B27: 이 파일은 이번 주를 넘기기 위한 것입니다. 학생이 휴대폰으로 답을 직접 넣고 성적표가 바로 나오는 앱(B안)을 이어서 만듭니다.

Sheet 회차설정
A1: 회차 설정 — 회차마다 이 시트만 고치면 됩니다
A2: 시험 이름 | B2: 2026 고3 심화 모의평가 27차
A3: 시행일 | F3: ← 시험 본 날짜를 적어 주세요
A4: 확인 | B4: =IF(AND(SUM($C$32:$C$65)+SUM($G$32:$G$42)=100,SUM($C$32:$C$65)+SUM($K$32:$K$42)=100,MIN(자동계산!$F$4:$F$48)=1,MAX(자동계산!$F$4:$F$48)=1,MIN(자동계산!$G$4:$G$48)=1,MAX(자동계산!$G$4:$G$48)=1),"정상입니다 — 배점 합계 100점, 영역 표가 45문항을 빠짐없이 덮습니다","확인이 필요합니다 — 배점 합계가 100점인지, 영역 표의 시작·끝 번호가 겹치거나 빠지지 않았는지 보세요")
A6: ■ 등급컷 (이 점수 이상이면 그 등급입니다)
A7: 선택과목 | B7: 1등급 | C7: 2등급 | D7: 3등급 | E7: 4등급
A8: 화법과 작문 | B8: 90 | C8: 84 | D8: 76 | E8: 62 | F8: ← 지난 26차 값입니다. 이번 회차 등급컷으로 고쳐 주세요
A9: 언어와 매체 | B9: 90 | C9: 84 | D9: 76 | E9: 62
A11: ■ 영역 표 — 어느 문항이 어느 영역인지 (공통을 먼저, 그다음 선택과목)
A12: 분류 | B12: 영역 | C12: 시작번호 | D12: 끝번호 | E12: 대상 | F12: 화작순번 | G12: 언매순번 | I12: 대상 칸에는 셋 중 하나를 적습니다: 공통 / 화법과 작문 / 언어와 매체 회색 두 칸은 자동입니다. 고치지 마세요.
A13: 독서 | B13: 독서론 | C13: 1 | D13: 3 | E13: 공통 | F13: =IF(OR($E13="공통",$E13="화법과 작문"),COUNTIF($E$13:$E13,"공통")+COUNTIF($E$13:$E13,"화법과 작문"),"") | G13: =IF(OR($E13="공통",$E13="언어와 매체"),COUNTIF($E$13:$E13,"공통")+COUNTIF($E$13:$E13,"언어와 매체"),"")
A14: 독서 | B14: 사회 | C14: 4 | D14: 9 | E14: 공통 | F14: =IF(OR($E14="공통",$E14="화법과 작문"),COUNTIF($E$13:$E14,"공통")+COUNTIF($E$13:$E14,"화법과 작문"),"") | G14: =IF(OR($E14="공통",$E14="언어와 매체"),COUNTIF($E$13:$E14,"공통")+COUNTIF($E$13:$E14,"언어와 매체"),"")
A15: 독서 | B15: 기술 | C15: 10 | D15: 13 | E15: 공통 | F15: =IF(OR($E15="공통",$E15="화법과 작문"),COUNTIF($E$13:$E15,"공통")+COUNTIF($E$13:$E15,"화법과 작문"),"") | G15: =IF(OR($E15="공통",$E15="언어와 매체"),COUNTIF($E$13:$E15,"공통")+COUNTIF($E$13:$E15,"언어와 매체"),"")
A16: 독서 | B16: 인문 | C16: 14 | D16: 17 | E16: 공통 | F16: =IF(OR($E16="공통",$E16="화법과 작문"),COUNTIF($E$13:$E16,"공통")+COUNTIF($E$13:$E16,"화법과 작문"),"") | G16: =IF(OR($E16="공통",$E16="언어와 매체"),COUNTIF($E$13:$E16,"공통")+COUNTIF($E$13:$E16,"언어와 매체"),"")
A17: 문학 | B17: 현대소설 | C17: 18 | D17: 21 | E17: 공통 | F17: =IF(OR($E17="공통",$E17="화법과 작문"),COUNTIF($E$13:$E17,"공통")+COUNTIF($E$13:$E17,"화법과 작문"),"") | G17: =IF(OR($E17="공통",$E17="언어와 매체"),COUNTIF($E$13:$E17,"공통")+COUNTIF($E$13:$E17,"언어와 매체"),"")
A18: 문학 | B18: 갈래복합 | C18: 22 | D18: 27 | E18: 공통 | F18: =IF(OR($E18="공통",$E18="화법과 작문"),COUNTIF($E$13:$E18,"공통")+COUNTIF($E$13:$E18,"화법과 작문"),"") | G18: =IF(OR($E18="공통",$E18="언어와 매체"),COUNTIF($E$13:$E18,"공통")+COUNTIF($E$13:$E18,"언어와 매체"),"")
A19: 문학 | B19: 고전소설 | C19: 28 | D19: 31 | E19: 공통 | F19: =IF(OR($E19="공통",$E19="화법과 작문"),COUNTIF($E$13:$E19,"공통")+COUNTIF($E$13:$E19,"화법과 작문"),"") | G19: =IF(OR($E19="공통",$E19="언어와 매체"),COUNTIF($E$13:$E19,"공통")+COUNTIF($E$13:$E19,"언어와 매체"),"")
A20: 문학 | B20: 고전시가 | C20: 32 | D20: 34 | E20: 공통 | F20: =IF(OR($E20="공통",$E20="화법과 작문"),COUNTIF($E$13:$E20,"공통")+COUNTIF($E$13:$E20,"화법과 작문"),"") | G20: =IF(OR($E20="공통",$E20="언어와 매체"),COUNTIF($E$13:$E20,"공통")+COUNTIF($E$13:$E20,"언어와 매체"),"")
A21: 선택과목 | B21: 화법 | C21: 35 | D21: 37 | E21: 화법과 작문 | F21: =IF(OR($E21="공통",$E21="화법과 작문"),COUNTIF($E$13:$E21,"공통")+COUNTIF($E$13:$E21,"화법과 작문"),"") | G21: =IF(OR($E21="공통",$E21="언어와 매체"),COUNTIF($E$13:$E21,"공통")+COUNTIF($E$13:$E21,"언어와 매체"),"")
A22: 선택과목 | B22: 화법+작문 | C22: 38 | D22: 42 | E22: 화법과 작문 | F22: =IF(OR($E22="공통",$E22="화법과 작문"),COUNTIF($E$13:$E22,"공통")+COUNTIF($E$13:$E22,"화법과 작문"),"") | G22: =IF(OR($E22="공통",$E22="언어와 매체"),COUNTIF($E$13:$E22,"공통")+COUNTIF($E$13:$E22,"언어와 매체"),"")
A23: 선택과목 | B23: 작문 | C23: 43 | D23: 45 | E23: 화법과 작문 | F23: =IF(OR($E23="공통",$E23="화법과 작문"),COUNTIF($E$13:$E23,"공통")+COUNTIF($E$13:$E23,"화법과 작문"),"") | G23: =IF(OR($E23="공통",$E23="언어와 매체"),COUNTIF($E$13:$E23,"공통")+COUNTIF($E$13:$E23,"언어와 매체"),"")
A24: 선택과목 | B24: 언어 | C24: 35 | D24: 39 | E24: 언어와 매체 | F24: =IF(OR($E24="공통",$E24="화법과 작문"),COUNTIF($E$13:$E24,"공통")+COUNTIF($E$13:$E24,"화법과 작문"),"") | G24: =IF(OR($E24="공통",$E24="언어와 매체"),COUNTIF($E$13:$E24,"공통")+COUNTIF($E$13:$E24,"언어와 매체"),"")
A25: 선택과목 | B25: 매체 | C25: 40 | D25: 45 | E25: 언어와 매체 | F25: =IF(OR($E25="공통",$E25="화법과 작문"),COUNTIF($E$13:$E25,"공통")+COUNTIF($E$13:$E25,"화법과 작문"),"") | G25: =IF(OR($E25="공통",$E25="언어와 매체"),COUNTIF($E$13:$E25,"공통")+COUNTIF($E$13:$E25,"언어와 매체"),"")
F26: =IF(OR($E26="공통",$E26="화법과 작문"),COUNTIF($E$13:$E26,"공통")+COUNTIF($E$13:$E26,"화법과 작문"),"") | G26: =IF(OR($E26="공통",$E26="언어와 매체"),COUNTIF($E$13:$E26,"공통")+COUNTIF($E$13:$E26,"언어와 매체"),"")
F27: =IF(OR($E27="공통",$E27="화법과 작문"),COUNTIF($E$13:$E27,"공통")+COUNTIF($E$13:$E27,"화법과 작문"),"") | G27: =IF(OR($E27="공통",$E27="언어와 매체"),COUNTIF($E$13:$E27,"공통")+COUNTIF($E$13:$E27,"언어와 매체"),"")
A29: ■ 문항별 정답·배점 — 답지를 보고 그대로 옮겨 적습니다
A30: 공통과목 (1~34번) | E30: 선택과목 · 화법과 작문 (35~45번) | I30: 선택과목 · 언어와 매체 (35~45번)
A31: 번호 | B31: 정답 | C31: 배점 | E31: 번호 | F31: 정답 | G31: 배점 | I31: 번호 | J31: 정답 | K31: 배점
A32: 1 | B32: 4 | C32: 2 | E32: 35 | F32: 1 | G32: 2 | I32: 35 | J32: 2 | K32: 2
A33: 2 | B33: 3 | C33: 2 | E33: 36 | F33: 5 | G33: 2 | I33: 36 | J33: 5 | K33: 3
A34: 3 | B34: 4 | C34: 3 | E34: 37 | F34: 3 | G34: 2 | I34: 37 | J34: 1 | K34: 2
A35: 4 | B35: 4 | C35: 2 | E35: 38 | F35: 4 | G35: 2 | I35: 38 | J35: 4 | K35: 2
A36: 5 | B36: 5 | C36: 2 | E36: 39 | F36: 3 | G36: 2 | I36: 39 | J36: 2 | K36: 2
A37: 6 | B37: 2 | C37: 2 | E37: 40 | F37: 5 | G37: 3 | I37: 40 | J37: 3 | K37: 2
A38: 7 | B38: 3 | C38: 2 | E38: 41 | F38: 4 | G38: 2 | I38: 41 | J38: 4 | K38: 2
A39: 8 | B39: 3 | C39: 3 | E39: 42 | F39: 1 | G39: 2 | I39: 42 | J39: 1 | K39: 2
A40: 9 | B40: 1 | C40: 2 | E40: 43 | F40: 2 | G40: 2 | I40: 43 | J40: 5 | K40: 3
A41: 10 | B41: 3 | C41: 2 | E41: 44 | F41: 5 | G41: 2 | I41: 44 | J41: 4 | K41: 2
A42: 11 | B42: 1 | C42: 2 | E42: 45 | F42: 4 | G42: 3 | I42: 45 | J42: 5 | K42: 2
A43: 12 | B43: 3 | C43: 3 | E43: 배점 합계 | G43: =SUM(G32:G42) | I43: 배점 합계 | K43: =SUM(K32:K42)
A44: 13 | B44: 4 | C44: 2
A45: 14 | B45: 2 | C45: 2
A46: 15 | B46: 5 | C46: 2
A47: 16 | B47: 3 | C47: 2
A48: 17 | B48: 4 | C48: 3
A49: 18 | B49: 2 | C49: 2
A50: 19 | B50: 5 | C50: 2
A51: 20 | B51: 2 | C51: 2
A52: 21 | B52: 4 | C52: 3
A53: 22 | B53: 2 | C53: 2
A54: 23 | B54: 5 | C54: 2
A55: 24 | B55: 4 | C55: 3
... A65: 34 | B65: 5 | C65: 3
A66: 배점 합계 | C66: =SUM(C32:C65)

Sheet 답안입력
A1: 학생 답안 입력 — 한 줄에 학생 한 명 | F1: 빠른 방법: '한 번에 입력' 칸에 45자리를 이어 붙여 넣으세요 (예 434255332…). 그 칸이 채워져 있으면 옆의 낱칸은 비워 두어도 됩니다.
A2: 이름 | B2: 학년 | C2: 선택과목 | D2: 한 번에 입력 (45자리) | E2: 1 | F2: 2 | G2: 3 | H2: 4 | I2: 5 | J2: 6 | K2: 7 | L2: 8 | M2: 9 | N2: 10 | O2: 11 | P2: 12 | Q2: 13 | R2: 14 | S2: 15 | T2: 16 | U2: 17 | V2: 18 | W2: 19 | X2: 20 | Y2: 21 | Z2: 22 | AA2: 23 | AB2: 24 | AC2: 25 | AD2: 26 | AE2: 27 | AF2: 28 | AG2: 29 | AH2: 30 | AI2: 31 | AJ2: 32 | AK2: 33 | AL2: 34 | AM2: 35 | AN2: 36 | AO2: 37 | AP2: 38 | AQ2: 39 | AR2: 40 | AS2: 41 | AT2: 42 | AU2: 43 | AV2: 44 | AW2: 45 | AX2: 점수 | AY2: 등급
AX3: =IF($A3="","",전체채점!$C3) | AY3: =IF($A3="","",전체채점!$D3)
AX4: =IF($A4="","",전체채점!$C4) | AY4: =IF($A4="","",전체채점!$D4)
AX5: =IF($A5="","",전체채점!$C5) | AY5: =IF($A5="","",전체채점!$D5)
AX6: =IF($A6="","",전체채점!$C6) | AY6: =IF($A6="","",전체채점!$D6)
AX7: =IF($A7="","",전체채점!$C7) | AY7: =IF($A7="","",전체채점!$D7)
AX8: =IF($A8="","",전체채점!$C8) | AY8: =IF($A8="","",전체채점!$D8)
AX9: =IF($A9="","",전체채점!$C9) | AY9: =IF($A9="","",전체채점!$D9)
AX10: =IF($A10="","",전체채점!$C10) | AY10: =IF($A10="","",전체채점!$D10)
AX11: =IF($A11="","",전체채점!$C11) | AY11: =IF($A11="","",전체채점!$D11)
AX12: =IF($A12="","",전체채점!$C12) | AY12: =IF($A12="","",전체채점!$D12)
AX13: =IF($A13="","",전체채점!$C13) | AY13: =IF($A13="","",전체채점!$D13)
AX14: =IF($A14="","",전체채점!$C14) | AY14: =IF($A14="","",전체채점!$D14)
... AX62: =IF($A62="","",전체채점!$C62) | AY62: =IF($A62="","",전체채점!$D62)

Sheet 성적표
A1: =IF($R$3="","",회차설정!$B$2&" 성적표")
A3: 1. 학생정보 | R3: =IFERROR(MATCH($A$5,답안입력!$A$3:$A$62,0),"") | S3: =IF($R$4="","",IFERROR(IF($R$4="언어와 매체",MATCH(1,회차설정!$G$13:$G$27,0),MATCH(1,회차설정!$F$13:$F$27,0)),""))
A4: 성명 | D4: 선택과목 | H4: 학년 | L4: 시행일 | R4: =IF($R$3="","",INDEX(전체채점!$B$3:$B$62,$R$3)) | S4: =IF($R$4="","",IFERROR(IF($R$4="언어와 매체",MATCH(2,회차설정!$G$13:$G$27,0),MATCH(2,회차설정!$F$13:$F$27,0)),""))
A5: =IF($R$3="","",INDEX(답안입력!$A$3:$A$62,$R$3)) | D5: =IF($R$3="","",INDEX(답안입력!$C$3:$C$62,$R$3)) | H5: =IF($R$3="","",INDEX(답안입력!$B$3:$B$62,$R$3)) | L5: =회차설정!$B$3 | R5: =IF($R$4="언어와 매체",회차설정!$B$9,회차설정!$B$8) | S5: =IF($R$4="","",IFERROR(IF($R$4="언어와 매체",MATCH(3,회차설정!$G$13:$G$27,0),MATCH(3,회차설정!$F$13:$F$27,0)),""))
R6: =IF($R$4="언어와 매체",회차설정!$C$9,회차설정!$C$8) | S6: =IF($R$4="","",IFERROR(IF($R$4="언어와 매체",MATCH(4,회차설정!$G$13:$G$27,0),MATCH(4,회차설정!$F$13:$F$27,0)),""))
A7: 2. 성적 | R7: =IF($R$4="언어와 매체",회차설정!$D$9,회차설정!$D$8) | S7: =IF($R$4="","",IFERROR(IF($R$4="언어와 매체",MATCH(5,회차설정!$G$13:$G$27,0),MATCH(5,회차설정!$F$13:$F$27,0)),""))
A8: 점수 (100점 만점) | F8: 등급 | I8: 등급컷 | M8: 같은 선택과목 평균 | R8: =IF($R$4="언어와 매체",회차설정!$E$9,회차설정!$E$8) | S8: =IF($R$4="","",IFERROR(IF($R$4="언어와 매체",MATCH(6,회차설정!$G$13:$G$27,0),MATCH(6,회차설정!$F$13:$F$27,0)),""))
A9: =IF($R$3="","",INDEX(전체채점!$C$3:$C$62,$R$3)) | F9: =IF($R$3="","",INDEX(전체채점!$D$3:$D$62,$R$3)) | I9: =IF($R$3="","",$R$5&"-"&$R$6&"-"&$R$7&"-"&$R$8) | M9: =IFERROR(AVERAGEIF(전체채점!$B$3:$B$62,$R$4,전체채점!$C$3:$C$62),"") | S9: =IF($R$4="","",IFERROR(IF($R$4="언어와 매체",MATCH(7,회차설정!$G$13:$G$27,0),MATCH(7,회차설정!$F$13:$F$27,0)),""))
S10: =IF($R$4="","",IFERROR(IF($R$4="언어와 매체",MATCH(8,회차설정!$G$13:$G$27,0),MATCH(8,회차설정!$F$13:$F$27,0)),""))
A11: 3. 영역분류별 성취도 분석 | F11: =IF(OR($R$3="",$E25=""),"",IF($E25=INDEX(전체채점!$C$3:$C$62,$R$3),"","※ 회차설정의 영역 표를 확인하세요 — 영역 합계와 점수가 다릅니다")) | S11: =IF($R$4="","",IFERROR(IF($R$4="언어와 매체",MATCH(9,회차설정!$G$13:$G$27,0),MATCH(9,회차설정!$F$13:$F$27,0)),""))
A12: 분류 | B12: 영역 | D12: 배점 | E12: 득점 | F12: 성취도(%) | S12: =IF($R$4="","",IFERROR(IF($R$4="언어와 매체",MATCH(10,회차설정!$G$13:$G$27,0),MATCH(10,회차설정!$F$13:$F$27,0)),""))
A13: =IF($S$3="","",INDEX(회차설정!$A$13:$A$27,$S$3)) | B13: =IF($S$3="","",INDEX(회차설정!$B$13:$B$27,$S$3)) | D13: =IF($S$3="","",IF($R$4="언어와 매체",SUMPRODUCT((자동계산!$A$4:$A$48>=INDEX(회차설정!$C$13:$C$27,$S$3))*(자동계산!$A$4:$A$48<=INDEX(회차설정!$D$13:$D$27,$S$3))*자동계산!$E$4:$E$48),SUMPRODUCT((자동계산!$A$4:$A$48>=INDEX(회차설정!$C$13:$C$27,$S$3))*(자동계산!$A$4:$A$48<=INDEX(회차설정!$D$13:$D$27,$S$3))*자동계산!$C$4:$C$48))) | E13: =IF(OR($S$3="",$R$3=""),"",SUM(OFFSET(전체채점!$AW$2,$R$3,INDEX(회차설정!$C$13:$C$27,$S$3),1,INDEX(회차설정!$D$13:$D$27,$S$3)-INDEX(회차설정!$C$13:$C$27,$S$3)+1))) | F13: =IF(OR($S$3="",$D13=0,$D13="",$E13=""),"",$E13/$D13*100) | H13: =IF($F13="","",REPT("■",ROUND($F13/5,0))) | S13: =IF($R$4="","",IFERROR(IF($R$4="언어와 매체",MATCH(11,회차설정!$G$13:$G$27,0),MATCH(11,회차설정!$F$13:$F$27,0)),""))
A14: =IF($S$4="","",INDEX(회차설정!$A$13:$A$27,$S$4)) | B14: =IF($S$4="","",INDEX(회차설정!$B$13:$B$27,$S$4)) | D14: =IF($S$4="","",IF($R$4="언어와 매체",SUMPRODUCT((자동계산!$A$4:$A$48>=INDEX(회차설정!$C$13:$C$27,$S$4))*(자동계산!$A$4:$A$48<=INDEX(회차설정!$D$13:$D$27,$S$4))*자동계산!$E$4:$E$48),SUMPRODUCT((자동계산!$A$4:$A$48>=INDEX(회차설정!$C$13:$C$27,$S$4))*(자동계산!$A$4:$A$48<=INDEX(회차설정!$D$13:$D$27,$S$4))*자동계산!$C$4:$C$48))) | E14: =IF(OR($S$4="",$R$3=""),"",SUM(OFFSET(전체채점!$AW$2,$R$3,INDEX(회차설정!$C$13:$C$27,$S$4),1,INDEX(회차설정!$D$13:$D$27,$S$4)-INDEX(회차설정!$C$13:$C$27,$S$4)+1))) | F14: =IF(OR($S$4="",$D14=0,$D14="",$E14=""),"",$E14/$D14*100) | H14: =IF($F14="","",REPT("■",ROUND($F14/5,0))) | S14: =IF($R$4="","",IFERROR(IF($R$4="언어와 매체",MATCH(12,회차설정!$G$13:$G$27,0),MATCH(12,회차설정!$F$13:$F$27,0)),""))
A15: =IF($S$5="","",INDEX(회차설정!$A$13:$A$27,$S$5)) | B15: =IF($S$5="","",INDEX(회차설정!$B$13:$B$27,$S$5)) | D15: =IF($S$5="","",IF($R$4="언어와 매체",SUMPRODUCT((자동계산!$A$4:$A$48>=INDEX(회차설정!$C$13:$C$27,$S$5))*(자동계산!$A$4:$A$48<=INDEX(회차설정!$D$13:$D$27,$S$5))*자동계산!$E$4:$E$48),SUMPRODUCT((자동계산!$A$4:$A$48>=INDEX(회차설정!$C$13:$C$27,$S$5))*(자동계산!$A$4:$A$48<=INDEX(회차설정!$D$13:$D$27,$S$5))*자동계산!$C$4:$C$48))) | E15: =IF(OR($S$5="",$R$3=""),"",SUM(OFFSET(전체채점!$AW$2,$R$3,INDEX(회차설정!$C$13:$C$27,$S$5),1,INDEX(회차설정!$D$13:$D$27,$S$5)-INDEX(회차설정!$C$13:$C$27,$S$5)+1))) | F15: =IF(OR($S$5="",$D15=0,$D15="",$E15=""),"",$E15/$D15*100) | H15: =IF($F15="","",REPT("■",ROUND($F15/5,0)))
A16: =IF($S$6="","",INDEX(회차설정!$A$13:$A$27,$S$6)) | B16: =IF($S$6="","",INDEX(회차설정!$B$13:$B$27,$S$6)) | D16: =IF($S$6="","",IF($R$4="언어와 매체",SUMPRODUCT((자동계산!$A$4:$A$48>=INDEX(회차설정!$C$13:$C$27,$S$6))*(자동계산!$A$4:$A$48<=INDEX(회차설정!$D$13:$D$27,$S$6))*자동계산!$E$4:$E$48),SUMPRODUCT((자동계산!$A$4:$A$48>=INDEX(회차설정!$C$13:$C$27,$S$6))*(자동계산!$A$4:$A$48<=INDEX(회차설정!$D$13:$D$27,$S$6))*자동계산!$C$4:$C$48))) | E16: =IF(OR($S$6="",$R$3=""),"",SUM(OFFSET(전체채점!$AW$2,$R$3,INDEX(회차설정!$C$13:$C$27,$S$6),1,INDEX(회차설정!$D$13:$D$27,$S$6)-INDEX(회차설정!$C$13:$C$27,$S$6)+1))) | F16: =IF(OR($S$6="",$D16=0,$D16="",$E16=""),"",$E16/$D16*100) | H16: =IF($F16="","",REPT("■",ROUND($F16/5,0)))
A17: =IF($S$7="","",INDEX(회차설정!$A$13:$A$27,$S$7)) | B17: =IF($S$7="","",INDEX(회차설정!$B$13:$B$27,$S$7)) | D17: =IF($S$7="","",IF($R$4="언어와 매체",SUMPRODUCT((자동계산!$A$4:$A$48>=INDEX(회차설정!$C$13:$C$27,$S$7))*(자동계산!$A$4:$A$48<=INDEX(회차설정!$D$13:$D$27,$S$7))*자동계산!$E$4:$E$48),SUMPRODUCT((자동계산!$A$4:$A$48>=INDEX(회차설정!$C$13:$C$27,$S$7))*(자동계산!$A$4:$A$48<=INDEX(회차설정!$D$13:$D$27,$S$7))*자동계산!$C$4:$C$48))) | E17: =IF(OR($S$7="",$R$3=""),"",SUM(OFFSET(전체채점!$AW$2,$R$3,INDEX(회차설정!$C$13:$C$27,$S$7),1,INDEX(회차설정!$D$13:$D$27,$S$7)-INDEX(회차설정!$C$13:$C$27,$S$7)+1))) | F17: =IF(OR($S$7="",$D17=0,$D17="",$E17=""),"",$E17/$D17*100) | H17: =IF($F17="","",REPT("■",ROUND($F17/5,0)))
A18: =IF($S$8="","",INDEX(회차설정!$A$13:$A$27,$S$8)) | B18: =IF($S$8="","",INDEX(회차설정!$B$13:$B$27,$S$8)) | D18: =IF($S$8="","",IF($R$4="언어와 매체",SUMPRODUCT((자동계산!$A$4:$A$48>=INDEX(회차설정!$C$13:$C$27,$S$8))*(자동계산!$A$4:$A$48<=INDEX(회차설정!$D$13:$D$27,$S$8))*자동계산!$E$4:$E$48),SUMPRODUCT((자동계산!$A$4:$A$48>=INDEX(회차설정!$C$13:$C$27,$S$8))*(자동계산!$A$4:$A$48<=INDEX(회차설정!$D$13:$D$27,$S$8))*자동계산!$C$4:$C$48))) | E18: =IF(OR($S$8="",$R$3=""),"",SUM(OFFSET(전체채점!$AW$2,$R$3,INDEX(회차설정!$C$13:$C$27,$S$8),1,INDEX(회차설정!$D$13:$D$27,$S$8)-INDEX(회차설정!$C$13:$C$27,$S$8)+1))) | F18: =IF(OR($S$8="",$D18=0,$D18="",$E18=""),"",$E18/$D18*100) | H18: =IF($F18="","",REPT("■",ROUND($F18/5,0)))
A19: =IF($S$9="","",INDEX(회차설정!$A$13:$A$27,$S$9)) | B19: =IF($S$9="","",INDEX(회차설정!$B$13:$B$27,$S$9)) | D19: =IF($S$9="","",IF($R$4="언어와 매체",SUMPRODUCT((자동계산!$A$4:$A$48>=INDEX(회차설정!$C$13:$C$27,$S$9))*(자동계산!$A$4:$A$48<=INDEX(회차설정!$D$13:$D$27,$S$9))*자동계산!$E$4:$E$48),SUMPRODUCT((자동계산!$A$4:$A$48>=INDEX(회차설정!$C$13:$C$27,$S$9))*(자동계산!$A$4:$A$48<=INDEX(회차설정!$D$13:$D$27,$S$9))*자동계산!$C$4:$C$48))) | E19: =IF(OR($S$9="",$R$3=""),"",SUM(OFFSET(전체채점!$AW$2,$R$3,INDEX(회차설정!$C$13:$C$27,$S$9),1,INDEX(회차설정!$D$13:$D$27,$S$9)-INDEX(회차설정!$C$13:$C$27,$S$9)+1))) | F19: =IF(OR($S$9="",$D19=0,$D19="",$E19=""),"",$E19/$D19*100) | H19: =IF($F19="","",REPT("■",ROUND($F19/5,0)))
A20: =IF($S$10="","",INDEX(회차설정!$A$13:$A$27,$S$10)) | B20: =IF($S$10="","",INDEX(회차설정!$B$13:$B$27,$S$10)) | D20: =IF($S$10="","",IF($R$4="언어와 매체",SUMPRODUCT((자동계산!$A$4:$A$48>=INDEX(회차설정!$C$13:$C$27,$S$10))*(자동계산!$A$4:$A$48<=INDEX(회차설정!$D$13:$D$27,$S$10))*자동계산!$E$4:$E$48),SUMPRODUCT((자동계산!$A$4:$A$48>=INDEX(회차설정!$C$13:$C$27,$S$10))*(자동계산!$A$4:$A$48<=INDEX(회차설정!$D$13:$D$27,$S$10))*자동계산!$C$4:$C$48))) | E20: =IF(OR($S$10="",$R$3=""),"",SUM(OFFSET(전체채점!$AW$2,$R$3,INDEX(회차설정!$C$13:$C$27,$S$10),1,INDEX(회차설정!$D$13:$D$27,$S$10)-INDEX(회차설정!$C$13:$C$27,$S$10)+1))) | F20: =IF(OR($S$10="",$D20=0,$D20="",$E20=""),"",$E20/$D20*100) | H20: =IF($F20="","",REPT("■",ROUND($F20/5,0)))
A21: =IF($S$11="","",INDEX(회차설정!$A$13:$A$27,$S$11)) | B21: =IF($S$11="","",INDEX(회차설정!$B$13:$B$27,$S$11)) | D21: =IF($S$11="","",IF($R$4="언어와 매체",SUMPRODUCT((자동계산!$A$4:$A$48>=INDEX(회차설정!$C$13:$C$27,$S$11))*(자동계산!$A$4:$A$48<=INDEX(회차설정!$D$13:$D$27,$S$11))*자동계산!$E$4:$E$48),SUMPRODUCT((자동계산!$A$4:$A$48>=INDEX(회차설정!$C$13:$C$27,$S$11))*(자동계산!$A$4:$A$48<=INDEX(회차설정!$D$13:$D$27,$S$11))*자동계산!$C$4:$C$48))) | E21: =IF(OR($S$11="",$R$3=""),"",SUM(OFFSET(전체채점!$AW$2,$R$3,INDEX(회차설정!$C$13:$C$27,$S$11),1,INDEX(회차설정!$D$13:$D$27,$S$11)-INDEX(회차설정!$C$13:$C$27,$S$11)+1))) | F21: =IF(OR($S$11="",$D21=0,$D21="",$E21=""),"",$E21/$D21*100) | H21: =IF($F21="","",REPT("■",ROUND($F21/5,0)))
A22: =IF($S$12="","",INDEX(회차설정!$A$13:$A$27,$S$12)) | B22: =IF($S$12="","",INDEX(회차설정!$B$13:$B$27,$S$12)) | D22: =IF($S$12="","",IF($R$4="언어와 매체",SUMPRODUCT((자동계산!$A$4:$A$48>=INDEX(회차설정!$C$13:$C$27,$S$12))*(자동계산!$A$4:$A$48<=INDEX(회차설정!$D$13:$D$27,$S$12))*자동계산!$E$4:$E$48),SUMPRODUCT((자동계산!$A$4:$A$48>=INDEX(회차설정!$C$13:$C$27,$S$12))*(자동계산!$A$4:$A$48<=INDEX(회차설정!$D$13:$D$27,$S$12))*자동계산!$C$4:$C$48))) | E22: =IF(OR($S$12="",$R$3=""),"",SUM(OFFSET(전체채점!$AW$2,$R$3,INDEX(회차설정!$C$13:$C$27,$S$12),1,INDEX(회차설정!$D$13:$D$27,$S$12)-INDEX(회차설정!$C$13:$C$27,$S$12)+1))) | F22: =IF(OR($S$12="",$D22=0,$D22="",$E22=""),"",$E22/$D22*100) | H22: =IF($F22="","",REPT("■",ROUND($F22/5,0)))
A23: =IF($S$13="","",INDEX(회차설정!$A$13:$A$27,$S$13)) | B23: =IF($S$13="","",INDEX(회차설정!$B$13:$B$27,$S$13)) | D23: =IF($S$13="","",IF($R$4="언어와 매체",SUMPRODUCT((자동계산!$A$4:$A$48>=INDEX(회차설정!$C$13:$C$27,$S$13))*(자동계산!$A$4:$A$48<=INDEX(회차설정!$D$13:$D$27,$S$13))*자동계산!$E$4:$E$48),SUMPRODUCT((자동계산!$A$4:$A$48>=INDEX(회차설정!$C$13:$C$27,$S$13))*(자동계산!$A$4:$A$48<=INDEX(회차설정!$D$13:$D$27,$S$13))*자동계산!$C$4:$C$48))) | E23: =IF(OR($S$13="",$R$3=""),"",SUM(OFFSET(전체채점!$AW$2,$R$3,INDEX(회차설정!$C$13:$C$27,$S$13),1,INDEX(회차설정!$D$13:$D$27,$S$13)-INDEX(회차설정!$C$13:$C$27,$S$13)+1))) | F23: =IF(OR($S$13="",$D23=0,$D23="",$E23=""),"",$E23/$D23*100) | H23: =IF($F23="","",REPT("■",ROUND($F23/5,0)))
A24: =IF($S$14="","",INDEX(회차설정!$A$13:$A$27,$S$14)) | B24: =IF($S$14="","",INDEX(회차설정!$B$13:$B$27,$S$14)) | D24: =IF($S$14="","",IF($R$4="언어와 매체",SUMPRODUCT((자동계산!$A$4:$A$48>=INDEX(회차설정!$C$13:$C$27,$S$14))*(자동계산!$A$4:$A$48<=INDEX(회차설정!$D$13:$D$27,$S$14))*자동계산!$E$4:$E$48),SUMPRODUCT((자동계산!$A$4:$A$48>=INDEX(회차설정!$C$13:$C$27,$S$14))*(자동계산!$A$4:$A$48<=INDEX(회차설정!$D$13:$D$27,$S$14))*자동계산!$C$4:$C$48))) | E24: =IF(OR($S$14="",$R$3=""),"",SUM(OFFSET(전체채점!$AW$2,$R$3,INDEX(회차설정!$C$13:$C$27,$S$14),1,INDEX(회차설정!$D$13:$D$27,$S$14)-INDEX(회차설정!$C$13:$C$27,$S$14)+1))) | F24: =IF(OR($S$14="",$D24=0,$D24="",$E24=""),"",$E24/$D24*100) | H24: =IF($F24="","",REPT("■",ROUND($F24/5,0)))
A25: =IF($R$3="","","합계") | D25: =IF($R$3="","",SUM(D13:D24)) | E25: =IF($R$3="","",SUM(E13:E24)) | F25: =IF(OR($D25=0,$D25=""),"",$E25/$D25*100) | H25: =IF($F25="","",REPT("■",ROUND($F25/5,0)))
A27: 4. 문항 채점표
A28: 문항 번호 | B28: 1 | C28: 2 | D28: 3 | E28: 4 | F28: 5 | G28: 6 | H28: 7 | I28: 8 | J28: 9 | K28: 10 | L28: 11 | M28: 12 | N28: 13 | O28: 14 | P28: 15
A29: 정답 | B29: =IF($R$4="","",IF($R$4="언어와 매체",자동계산!$D$4,자동계산!$B$4)) | C29: =IF($R$4="","",IF($R$4="언어와 매체",자동계산!$D$5,자동계산!$B$5)) | D29: =IF($R$4="","",IF($R$4="언어와 매체",자동계산!$D$6,자동계산!$B$6)) | E29: =IF($R$4="","",IF($R$4="언어와 매체",자동계산!$D$7,자동계산!$B$7)) | F29: =IF($R$4="","",IF($R$4="언어와 매체",자동계산!$D$8,자동계산!$B$8)) | G29: =IF($R$4="","",IF($R$4="언어와 매체",자동계산!$D$9,자동계산!$B$9)) | H29: =IF($R$4="","",IF($R$4="언어와 매체",자동계산!$D$10,자동계산!$B$10)) | I29: =IF($R$4="","",IF($R$4="언어와 매체",자동계산!$D$11,자동계산!$B$11)) | J29: =IF($R$4="","",IF($R$4="언어와 매체",자동계산!$D$12,자동계산!$B$12)) | K29: =IF($R$4="","",IF($R$4="언어와 매체",자동계산!$D$13,자동계산!$B$13)) | L29: =IF($R$4="","",IF($R$4="언어와 매체",자동계산!$D$14,자동계산!$B$14)) | M29: =IF($R$4="","",IF($R$4="언어와 매체",자동계산!$D$15,자동계산!$B$15)) | N29: =IF($R$4="","",IF($R$4="언어와 매체",자동계산!$D$16,자동계산!$B$16)) | O29: =IF($R$4="","",IF($R$4="언어와 매체",자동계산!$D$17,자동계산!$B$17)) | P29: =IF($R$4="","",IF($R$4="언어와 매체",자동계산!$D$18,자동계산!$B$18))
A30: 학생답안 | B30: =IF($R$3="","",INDEX(전체채점!E$3:E$62,$R$3)) | C30: =IF($R$3="","",INDEX(전체채점!F$3:F$62,$R$3)) | D30: =IF($R$3="","",INDEX(전체채점!G$3:G$62,$R$3)) | E30: =IF($R$3="","",INDEX(전체채점!H$3:H$62,$R$3)) | F30: =IF($R$3="","",INDEX(전체채점!I$3:I$62,$R$3)) | G30: =IF($R$3="","",INDEX(전체채점!J$3:J$62,$R$3)) | H30: =IF($R$3="","",INDEX(전체채점!K$3:K$62,$R$3)) | I30: =IF($R$3="","",INDEX(전체채점!L$3:L$62,$R$3)) | ... P30: =IF($R$3="","",INDEX(전체채점!S$3:S$62,$R$3))
A31: 정오 | B31: =IF($R$3="","",INDEX(전체채점!AX$3:AX$62,$R$3)) | C31: =IF($R$3="","",INDEX(전체채점!AY$3:AY$62,$R$3)) | D31: =IF($R$3="","",INDEX(전체채점!AZ$3:AZ$62,$R$3)) | E31: =IF($R$3="","",INDEX(전체채점!BA$3:BA$62,$R$3)) | F31: =IF($R$3="","",INDEX(전체채점!BB$3:BB$62,$R$3)) | G31: =IF($R$3="","",INDEX(전체채점!BC$3:BC$62,$R$3)) | H31: =IF($R$3="","",INDEX(전체채점!BD$3:BD$62,$R$3)) | I31: =IF($R$3="","",INDEX(전체채점!BE$3:BE$62,$R$3)) | ... P31: =IF($R$3="","",INDEX(전체채점!BL$3:BL$62,$R$3))
A32: 문항 번호 | B32: 16 | C32: 17 | D32: 18 | E32: 19 | F32: 20 | G32: 21 | H32: 22 | I32: 23 | J32: 24 | K32: 25 | L32: 26 | M32: 27 | N32: 28 | O32: 29 | P32: 30
A33: 정답 | B33: =IF($R$4="","",IF($R$4="언어와 매체",자동계산!$D$19,자동계산!$B$19)) | C33: =IF($R$4="","",IF($R$4="언어와 매체",자동계산!$D$20,자동계산!$B$20)) | D33: =IF($R$4="","",IF($R$4="언어와 매체",자동계산!$D$21,자동계산!$B$21)) | E33: =IF($R$4="","",IF($R$4="언어와 매체",자동계산!$D$22,자동계산!$B$22)) | F33: =IF($R$4="","",IF($R$4="언어와 매체",자동계산!$D$23,자동계산!$B$23)) | G33: =IF($R$4="","",IF($R$4="언어와 매체",자동계산!$D$24,자동계산!$B$24)) | H33: =IF($R$4="","",IF($R$4="언어와 매체",자동계산!$D$25,자동계산!$B$25)) | I33: =IF($R$4="","",IF($R$4="언어와 매체",자동계산!$D$26,자동계산!$B$26)) | J33: =IF($R$4="","",IF($R$4="언어와 매체",자동계산!$D$27,자동계산!$B$27)) | K33: =IF($R$4="","",IF($R$4="언어와 매체",자동계산!$D$28,자동계산!$B$28)) | L33: =IF($R$4="","",IF($R$4="언어와 매체",자동계산!$D$29,자동계산!$B$29)) | M33: =IF($R$4="","",IF($R$4="언어와 매체",자동계산!$D$30,자동계산!$B$30)) | N33: =IF($R$4="","",IF($R$4="언어와 매체",자동계산!$D$31,자동계산!$B$31)) | O33: =IF($R$4="","",IF($R$4="언어와 매체",자동계산!$D$32,자동계산!$B$32)) | P33: =IF($R$4="","",IF($R$4="언어와 매체",자동계산!$D$33,자동계산!$B$33))
A34: 학생답안 | B34: =IF($R$3="","",INDEX(전체채점!T$3:T$62,$R$3)) | C34: =IF($R$3="","",INDEX(전체채점!U$3:U$62,$R$3)) | D34: =IF($R$3="","",INDEX(전체채점!V$3:V$62,$R$3)) | E34: =IF($R$3="","",INDEX(전체채점!W$3:W$62,$R$3)) | F34: =IF($R$3="","",INDEX(전체채점!X$3:X$62,$R$3)) | G34: =IF($R$3="","",INDEX(전체채점!Y$3:Y$62,$R$3)) | H34: =IF($R$3="","",INDEX(전체채점!Z$3:Z$62,$R$3)) | I34: =IF($R$3="","",INDEX(전체채점!AA$3:AA$62,$R$3)) | ... P34: =IF($R$3="","",INDEX(전체채점!AH$3:AH$62,$R$3))
A35: 정오 | B35: =IF($R$3="","",INDEX(전체채점!BM$3:BM$62,$R$3)) | C35: =IF($R$3="","",INDEX(전체채점!BN$3:BN$62,$R$3)) | D35: =IF($R$3="","",INDEX(전체채점!BO$3:BO$62,$R$3)) | E35: =IF($R$3="","",INDEX(전체채점!BP$3:BP$62,$R$3)) | F35: =IF($R$3="","",INDEX(전체채점!BQ$3:BQ$62,$R$3)) | G35: =IF($R$3="","",INDEX(전체채점!BR$3:BR$62,$R$3)) | H35: =IF($R$3="","",INDEX(전체채점!BS$3:BS$62,$R$3)) | I35: =IF($R$3="","",INDEX(전체채점!BT$3:BT$62,$R$3)) | ... P35: =IF($R$3="","",INDEX(전체채점!CA$3:CA$62,$R$3))
A36: 문항 번호 | B36: 31 | C36: 32 | D36: 33 | E36: 34 | F36: 35 | G36: 36 | H36: 37 | I36: 38 | J36: 39 | K36: 40 | L36: 41 | M36: 42 | N36: 43 | O36: 44 | P36: 45
A37: 정답 | B37: =IF($R$4="","",IF($R$4="언어와 매체",자동계산!$D$34,자동계산!$B$34)) | C37: =IF($R$4="","",IF($R$4="언어와 매체",자동계산!$D$35,자동계산!$B$35)) | D37: =IF($R$4="","",IF($R$4="언어와 매체",자동계산!$D$36,자동계산!$B$36)) | E37: =IF($R$4="","",IF($R$4="언어와 매체",자동계산!$D$37,자동계산!$B$37)) | F37: =IF($R$4="","",IF($R$4="언어와 매체",자동계산!$D$38,자동계산!$B$38)) | G37: =IF($R$4="","",IF($R$4="언어와 매체",자동계산!$D$39,자동계산!$B$39)) | H37: =IF($R$4="","",IF($R$4="언어와 매체",자동계산!$D$40,자동계산!$B$40)) | I37: =IF($R$4="","",IF($R$4="언어와 매체",자동계산!$D$41,자동계산!$B$41)) | J37: =IF($R$4="","",IF($R$4="언어와 매체",자동계산!$D$42,자동계산!$B$42)) | K37: =IF($R$4="","",IF($R$4="언어와 매체",자동계산!$D$43,자동계산!$B$43)) | L37: =IF($R$4="","",IF($R$4="언어와 매체",자동계산!$D$44,자동계산!$B$44)) | M37: =IF($R$4="","",IF($R$4="언어와 매체",자동계산!$D$45,자동계산!$B$45)) | N37: =IF($R$4="","",IF($R$4="언어와 매체",자동계산!$D$46,자동계산!$B$46)) | O37: =IF($R$4="","",IF($R$4="언어와 매체",자동계산!$D$47,자동계산!$B$47)) | P37: =IF($R$4="","",IF($R$4="언어와 매체",자동계산!$D$48,자동계산!$B$48))
A38: 학생답안 | B38: =IF($R$3="","",INDEX(전체채점!AI$3:AI$62,$R$3)) | C38: =IF($R$3="","",INDEX(전체채점!AJ$3:AJ$62,$R$3)) | D38: =IF($R$3="","",INDEX(전체채점!AK$3:AK$62,$R$3)) | E38: =IF($R$3="","",INDEX(전체채점!AL$3:AL$62,$R$3)) | F38: =IF($R$3="","",INDEX(전체채점!AM$3:AM$62,$R$3)) | G38: =IF($R$3="","",INDEX(전체채점!AN$3:AN$62,$R$3)) | H38: =IF($R$3="","",INDEX(전체채점!AO$3:AO$62,$R$3)) | I38: =IF($R$3="","",INDEX(전체채점!AP$3:AP$62,$R$3)) | ... P38: =IF($R$3="","",INDEX(전체채점!AW$3:AW$62,$R$3))
A39: 정오 | B39: =IF($R$3="","",INDEX(전체채점!CB$3:CB$62,$R$3)) | C39: =IF($R$3="","",INDEX(전체채점!CC$3:CC$62,$R$3)) | D39: =IF($R$3="","",INDEX(전체채점!CD$3:CD$62,$R$3)) | E39: =IF($R$3="","",INDEX(전체채점!CE$3:CE$62,$R$3)) | F39: =IF($R$3="","",INDEX(전체채점!CF$3:CF$62,$R$3)) | G39: =IF($R$3="","",INDEX(전체채점!CG$3:CG$62,$R$3)) | H39: =IF($R$3="","",INDEX(전체채점!CH$3:CH$62,$R$3)) | I39: =IF($R$3="","",INDEX(전체채점!CI$3:CI$62,$R$3)) | ... P39: =IF($R$3="","",INDEX(전체채점!CP$3:CP$62,$R$3))
A41: ※ 위 노란 칸(성명)을 누르면 학생 목록이 펼쳐집니다. 고르면 성적표가 그 학생 것으로 바뀝니다.

Sheet 성적표(전원)
A1: =IF($R$3="","",회차설정!$B$2&" 성적표")
A3: 1. 학생정보 | R3: =IF(답안입력!$A$3="","",1) | S3: =IF($R$4="","",IFERROR(IF($R$4="언어와 매체",MATCH(1,회차설정!$G$13:$G$27,0),MATCH(1,회차설정!$F$13:$F$27,0)),""))
A4: 성명 | D4: 선택과목 | H4: 학년 | L4: 시행일 | R4: =IF($R$3="","",INDEX(전체채점!$B$3:$B$62,$R$3)) | S4: =IF($R$4="","",IFERROR(IF($R$4="언어와 매체",MATCH(2,회차설정!$G$13:$G$27,0),MATCH(2,회차설정!$F$13:$F$27,0)),""))
A5: =IF($R$3="","",INDEX(답안입력!$A$3:$A$62,$R$3)) | D5: =IF($R$3="","",INDEX(답안입력!$C$3:$C$62,$R$3)) | H5: =IF($R$3="","",INDEX(답안입력!$B$3:$B$62,$R$3)) | L5: =회차설정!$B$3 | R5: =IF($R$4="언어와 매체",회차설정!$B$9,회차설정!$B$8) | S5: =IF($R$4="","",IFERROR(IF($R$4="언어와 매체",MATCH(3,회차설정!$G$13:$G$27,0),MATCH(3,회차설정!$F$13:$F$27,0)),""))
R6: =IF($R$4="언어와 매체",회차설정!$C$9,회차설정!$C$8) | S6: =IF($R$4="","",IFERROR(IF($R$4="언어와 매체",MATCH(4,회차설정!$G$13:$G$27,0),MATCH(4,회차설정!$F$13:$F$27,0)),""))
A7: 2. 성적 | R7: =IF($R$4="언어와 매체",회차설정!$D$9,회차설정!$D$8) | S7: =IF($R$4="","",IFERROR(IF($R$4="언어와 매체",MATCH(5,회차설정!$G$13:$G$27,0),MATCH(5,회차설정!$F$13:$F$27,0)),""))
A8: 점수 (100점 만점) | F8: 등급 | I8: 등급컷 | M8: 같은 선택과목 평균 | R8: =IF($R$4="언어와 매체",회차설정!$E$9,회차설정!$E$8) | S8: =IF($R$4="","",IFERROR(IF($R$4="언어와 매체",MATCH(6,회차설정!$G$13:$G$27,0),MATCH(6,회차설정!$F$13:$F$27,0)),""))
A9: =IF($R$3="","",INDEX(전체채점!$C$3:$C$62,$R$3)) | F9: =IF($R$3="","",INDEX(전체채점!$D$3:$D$62,$R$3)) | I9: =IF($R$3="","",$R$5&"-"&$R$6&"-"&$R$7&"-"&$R$8) | M9: =IFERROR(AVERAGEIF(전체채점!$B$3:$B$62,$R$4,전체채점!$C$3:$C$62),"") | S9: =IF($R$4="","",IFERROR(IF($R$4="언어와 매체",MATCH(7,회차설정!$G$13:$G$27,0),MATCH(7,회차설정!$F$13:$F$27,0)),""))
S10: =IF($R$4="","",IFERROR(IF($R$4="언어와 매체",MATCH(8,회차설정!$G$13:$G$27,0),MATCH(8,회차설정!$F$13:$F$27,0)),""))
A11: 3. 영역분류별 성취도 분석 | F11: =IF(OR($R$3="",$E25=""),"",IF($E25=INDEX(전체채점!$C$3:$C$62,$R$3),"","※ 회차설정의 영역 표를 확인하세요 — 영역 합계와 점수가 다릅니다")) | S11: =IF($R$4="","",IFERROR(IF($R$4="언어와 매체",MATCH(9,회차설정!$G$13:$G$27,0),MATCH(9,회차설정!$F$13:$F$27,0)),""))
A12: 분류 | B12: 영역 | D12: 배점 | E12: 득점 | F12: 성취도(%) | S12: =IF($R$4="","",IFERROR(IF($R$4="언어와 매체",MATCH(10,회차설정!$G$13:$G$27,0),MATCH(10,회차설정!$F$13:$F$27,0)),""))
A13: =IF($S$3="","",INDEX(회차설정!$A$13:$A$27,$S$3)) | B13: =IF($S$3="","",INDEX(회차설정!$B$13:$B$27,$S$3)) | D13: =IF($S$3="","",IF($R$4="언어와 매체",SUMPRODUCT((자동계산!$A$4:$A$48>=INDEX(회차설정!$C$13:$C$27,$S$3))*(자동계산!$A$4:$A$48<=INDEX(회차설정!$D$13:$D$27,$S$3))*자동계산!$E$4:$E$48),SUMPRODUCT((자동계산!$A$4:$A$48>=INDEX(회차설정!$C$13:$C$27,$S$3))*(자동계산!$A$4:$A$48<=INDEX(회차설정!$D$13:$D$27,$S$3))*자동계산!$C$4:$C$48))) | E13: =IF(OR($S$3="",$R$3=""),"",SUM(OFFSET(전체채점!$AW$2,$R$3,INDEX(회차설정!$C$13:$C$27,$S$3),1,INDEX(회차설정!$D$13:$D$27,$S$3)-INDEX(회차설정!$C$13:$C$27,$S$3)+1))) | F13: =IF(OR($S$3="",$D13=0,$D13="",$E13=""),"",$E13/$D13*100) | H13: =IF($F13="","",REPT("■",ROUND($F13/5,0))) | S13: =IF($R$4="","",IFERROR(IF($R$4="언어와 매체",MATCH(11,회차설정!$G$13:$G$27,0),MATCH(11,회차설정!$F$13:$F$27,0)),""))
A14: =IF($S$4="","",INDEX(회차설정!$A$13:$A$27,$S$4)) | B14: =IF($S$4="","",INDEX(회차설정!$B$13:$B$27,$S$4)) | D14: =IF($S$4="","",IF($R$4="언어와 매체",SUMPRODUCT((자동계산!$A$4:$A$48>=INDEX(회차설정!$C$13:$C$27,$S$4))*(자동계산!$A$4:$A$48<=INDEX(회차설정!$D$13:$D$27,$S$4))*자동계산!$E$4:$E$48),SUMPRODUCT((자동계산!$A$4:$A$48>=INDEX(회차설정!$C$13:$C$27,$S$4))*(자동계산!$A$4:$A$48<=INDEX(회차설정!$D$13:$D$27,$S$4))*자동계산!$C$4:$C$48))) | E14: =IF(OR($S$4="",$R$3=""),"",SUM(OFFSET(전체채점!$AW$2,$R$3,INDEX(회차설정!$C$13:$C$27,$S$4),1,INDEX(회차설정!$D$13:$D$27,$S$4)-INDEX(회차설정!$C$13:$C$27,$S$4)+1))) | F14: =IF(OR($S$4="",$D14=0,$D14="",$E14=""),"",$E14/$D14*100) | H14: =IF($F14="","",REPT("■",ROUND($F14/5,0))) | S14: =IF($R$4="","",IFERROR(IF($R$4="언어와 매체",MATCH(12,회차설정!$G$13:$G$27,0),MATCH(12,회차설정!$F$13:$F$27,0)),""))
A15: =IF($S$5="","",INDEX(회차설정!$A$13:$A$27,$S$5)) | B15: =IF($S$5="","",INDEX(회차설정!$B$13:$B$27,$S$5)) | D15: =IF($S$5="","",IF($R$4="언어와 매체",SUMPRODUCT((자동계산!$A$4:$A$48>=INDEX(회차설정!$C$13:$C$27,$S$5))*(자동계산!$A$4:$A$48<=INDEX(회차설정!$D$13:$D$27,$S$5))*자동계산!$E$4:$E$48),SUMPRODUCT((자동계산!$A$4:$A$48>=INDEX(회차설정!$C$13:$C$27,$S$5))*(자동계산!$A$4:$A$48<=INDEX(회차설정!$D$13:$D$27,$S$5))*자동계산!$C$4:$C$48))) | E15: =IF(OR($S$5="",$R$3=""),"",SUM(OFFSET(전체채점!$AW$2,$R$3,INDEX(회차설정!$C$13:$C$27,$S$5),1,INDEX(회차설정!$D$13:$D$27,$S$5)-INDEX(회차설정!$C$13:$C$27,$S$5)+1))) | F15: =IF(OR($S$5="",$D15=0,$D15="",$E15=""),"",$E15/$D15*100) | H15: =IF($F15="","",REPT("■",ROUND($F15/5,0)))
A16: =IF($S$6="","",INDEX(회차설정!$A$13:$A$27,$S$6)) | B16: =IF($S$6="","",INDEX(회차설정!$B$13:$B$27,$S$6)) | D16: =IF($S$6="","",IF($R$4="언어와 매체",SUMPRODUCT((자동계산!$A$4:$A$48>=INDEX(회차설정!$C$13:$C$27,$S$6))*(자동계산!$A$4:$A$48<=INDEX(회차설정!$D$13:$D$27,$S$6))*자동계산!$E$4:$E$48),SUMPRODUCT((자동계산!$A$4:$A$48>=INDEX(회차설정!$C$13:$C$27,$S$6))*(자동계산!$A$4:$A$48<=INDEX(회차설정!$D$13:$D$27,$S$6))*자동계산!$C$4:$C$48))) | E16: =IF(OR($S$6="",$R$3=""),"",SUM(OFFSET(전체채점!$AW$2,$R$3,INDEX(회차설정!$C$13:$C$27,$S$6),1,INDEX(회차설정!$D$13:$D$27,$S$6)-INDEX(회차설정!$C$13:$C$27,$S$6)+1))) | F16: =IF(OR($S$6="",$D16=0,$D16="",$E16=""),"",$E16/$D16*100) | H16: =IF($F16="","",REPT("■",ROUND($F16/5,0)))
A17: =IF($S$7="","",INDEX(회차설정!$A$13:$A$27,$S$7)) | B17: =IF($S$7="","",INDEX(회차설정!$B$13:$B$27,$S$7)) | D17: =IF($S$7="","",IF($R$4="언어와 매체",SUMPRODUCT((자동계산!$A$4:$A$48>=INDEX(회차설정!$C$13:$C$27,$S$7))*(자동계산!$A$4:$A$48<=INDEX(회차설정!$D$13:$D$27,$S$7))*자동계산!$E$4:$E$48),SUMPRODUCT((자동계산!$A$4:$A$48>=INDEX(회차설정!$C$13:$C$27,$S$7))*(자동계산!$A$4:$A$48<=INDEX(회차설정!$D$13:$D$27,$S$7))*자동계산!$C$4:$C$48))) | E17: =IF(OR($S$7="",$R$3=""),"",SUM(OFFSET(전체채점!$AW$2,$R$3,INDEX(회차설정!$C$13:$C$27,$S$7),1,INDEX(회차설정!$D$13:$D$27,$S$7)-INDEX(회차설정!$C$13:$C$27,$S$7)+1))) | F17: =IF(OR($S$7="",$D17=0,$D17="",$E17=""),"",$E17/$D17*100) | H17: =IF($F17="","",REPT("■",ROUND($F17/5,0)))
A18: =IF($S$8="","",INDEX(회차설정!$A$13:$A$27,$S$8)) | B18: =IF($S$8="","",INDEX(회차설정!$B$13:$B$27,$S$8)) | D18: =IF($S$8="","",IF($R$4="언어와 매체",SUMPRODUCT((자동계산!$A$4:$A$48>=INDEX(회차설정!$C$13:$C$27,$S$8))*(자동계산!$A$4:$A$48<=INDEX(회차설정!$D$13:$D$27,$S$8))*자동계산!$E$4:$E$48),SUMPRODUCT((자동계산!$A$4:$A$48>=INDEX(회차설정!$C$13:$C$27,$S$8))*(자동계산!$A$4:$A$48<=INDEX(회차설정!$D$13:$D$27,$S$8))*자동계산!$C$4:$C$48))) | E18: =IF(OR($S$8="",$R$3=""),"",SUM(OFFSET(전체채점!$AW$2,$R$3,INDEX(회차설정!$C$13:$C$27,$S$8),1,INDEX(회차설정!$D$13:$D$27,$S$8)-INDEX(회차설정!$C$13:$C$27,$S$8)+1))) | F18: =IF(OR($S$8="",$D18=0,$D18="",$E18=""),"",$E18/$D18*100) | H18: =IF($F18="","",REPT("■",ROUND($F18/5,0)))
A19: =IF($S$9="","",INDEX(회차설정!$A$13:$A$27,$S$9)) | B19: =IF($S$9="","",INDEX(회차설정!$B$13:$B$27,$S$9)) | D19: =IF($S$9="","",IF($R$4="언어와 매체",SUMPRODUCT((자동계산!$A$4:$A$48>=INDEX(회차설정!$C$13:$C$27,$S$9))*(자동계산!$A$4:$A$48<=INDEX(회차설정!$D$13:$D$27,$S$9))*자동계산!$E$4:$E$48),SUMPRODUCT((자동계산!$A$4:$A$48>=INDEX(회차설정!$C$13:$C$27,$S$9))*(자동계산!$A$4:$A$48<=INDEX(회차설정!$D$13:$D$27,$S$9))*자동계산!$C$4:$C$48))) | E19: =IF(OR($S$9="",$R$3=""),"",SUM(OFFSET(전체채점!$AW$2,$R$3,INDEX(회차설정!$C$13:$C$27,$S$9),1,INDEX(회차설정!$D$13:$D$27,$S$9)-INDEX(회차설정!$C$13:$C$27,$S$9)+1))) | F19: =IF(OR($S$9="",$D19=0,$D19="",$E19=""),"",$E19/$D19*100) | H19: =IF($F19="","",REPT("■",ROUND($F19/5,0)))
A20: =IF($S$10="","",INDEX(회차설정!$A$13:$A$27,$S$10)) | B20: =IF($S$10="","",INDEX(회차설정!$B$13:$B$27,$S$10)) | D20: =IF($S$10="","",IF($R$4="언어와 매체",SUMPRODUCT((자동계산!$A$4:$A$48>=INDEX(회차설정!$C$13:$C$27,$S$10))*(자동계산!$A$4:$A$48<=INDEX(회차설정!$D$13:$D$27,$S$10))*자동계산!$E$4:$E$48),SUMPRODUCT((자동계산!$A$4:$A$48>=INDEX(회차설정!$C$13:$C$27,$S$10))*(자동계산!$A$4:$A$48<=INDEX(회차설정!$D$13:$D$27,$S$10))*자동계산!$C$4:$C$48))) | E20: =IF(OR($S$10="",$R$3=""),"",SUM(OFFSET(전체채점!$AW$2,$R$3,INDEX(회차설정!$C$13:$C$27,$S$10),1,INDEX(회차설정!$D$13:$D$27,$S$10)-INDEX(회차설정!$C$13:$C$27,$S$10)+1))) | F20: =IF(OR($S$10="",$D20=0,$D20="",$E20=""),"",$E20/$D20*100) | H20: =IF($F20="","",REPT("■",ROUND($F20/5,0)))
A21: =IF($S$11="","",INDEX(회차설정!$A$13:$A$27,$S$11)) | B21: =IF($S$11="","",INDEX(회차설정!$B$13:$B$27,$S$11)) | D21: =IF($S$11="","",IF($R$4="언어와 매체",SUMPRODUCT((자동계산!$A$4:$A$48>=INDEX(회차설정!$C$13:$C$27,$S$11))*(자동계산!$A$4:$A$48<=INDEX(회차설정!$D$13:$D$27,$S$11))*자동계산!$E$4:$E$48),SUMPRODUCT((자동계산!$A$4:$A$48>=INDEX(회차설정!$C$13:$C$27,$S$11))*(자동계산!$A$4:$A$48<=INDEX(회차설정!$D$13:$D$27,$S$11))*자동계산!$C$4:$C$48))) | E21: =IF(OR($S$11="",$R$3=""),"",SUM(OFFSET(전체채점!$AW$2,$R$3,INDEX(회차설정!$C$13:$C$27,$S$11),1,INDEX(회차설정!$D$13:$D$27,$S$11)-INDEX(회차설정!$C$13:$C$27,$S$11)+1))) | F21: =IF(OR($S$11="",$D21=0,$D21="",$E21=""),"",$E21/$D21*100) | H21: =IF($F21="","",REPT("■",ROUND($F21/5,0)))
A22: =IF($S$12="","",INDEX(회차설정!$A$13:$A$27,$S$12)) | B22: =IF($S$12="","",INDEX(회차설정!$B$13:$B$27,$S$12)) | D22: =IF($S$12="","",IF($R$4="언어와 매체",SUMPRODUCT((자동계산!$A$4:$A$48>=INDEX(회차설정!$C$13:$C$27,$S$12))*(자동계산!$A$4:$A$48<=INDEX(회차설정!$D$13:$D$27,$S$12))*자동계산!$E$4:$E$48),SUMPRODUCT((자동계산!$A$4:$A$48>=INDEX(회차설정!$C$13:$C$27,$S$12))*(자동계산!$A$4:$A$48<=INDEX(회차설정!$D$13:$D$27,$S$12))*자동계산!$C$4:$C$48))) | E22: =IF(OR($S$12="",$R$3=""),"",SUM(OFFSET(전체채점!$AW$2,$R$3,INDEX(회차설정!$C$13:$C$27,$S$12),1,INDEX(회차설정!$D$13:$D$27,$S$12)-INDEX(회차설정!$C$13:$C$27,$S$12)+1))) | F22: =IF(OR($S$12="",$D22=0,$D22="",$E22=""),"",$E22/$D22*100) | H22: =IF($F22="","",REPT("■",ROUND($F22/5,0)))
A23: =IF($S$13="","",INDEX(회차설정!$A$13:$A$27,$S$13)) | B23: =IF($S$13="","",INDEX(회차설정!$B$13:$B$27,$S$13)) | D23: =IF($S$13="","",IF($R$4="언어와 매체",SUMPRODUCT((자동계산!$A$4:$A$48>=INDEX(회차설정!$C$13:$C$27,$S$13))*(자동계산!$A$4:$A$48<=INDEX(회차설정!$D$13:$D$27,$S$13))*자동계산!$E$4:$E$48),SUMPRODUCT((자동계산!$A$4:$A$48>=INDEX(회차설정!$C$13:$C$27,$S$13))*(자동계산!$A$4:$A$48<=INDEX(회차설정!$D$13:$D$27,$S$13))*자동계산!$C$4:$C$48))) | E23: =IF(OR($S$13="",$R$3=""),"",SUM(OFFSET(전체채점!$AW$2,$R$3,INDEX(회차설정!$C$13:$C$27,$S$13),1,INDEX(회차설정!$D$13:$D$27,$S$13)-INDEX(회차설정!$C$13:$C$27,$S$13)+1))) | F23: =IF(OR($S$13="",$D23=0,$D23="",$E23=""),"",$E23/$D23*100) | H23: =IF($F23="","",REPT("■",ROUND($F23/5,0)))
A24: =IF($S$14="","",INDEX(회차설정!$A$13:$A$27,$S$14)) | B24: =IF($S$14="","",INDEX(회차설정!$B$13:$B$27,$S$14)) | D24: =IF($S$14="","",IF($R$4="언어와 매체",SUMPRODUCT((자동계산!$A$4:$A$48>=INDEX(회차설정!$C$13:$C$27,$S$14))*(자동계산!$A$4:$A$48<=INDEX(회차설정!$D$13:$D$27,$S$14))*자동계산!$E$4:$E$48),SUMPRODUCT((자동계산!$A$4:$A$48>=INDEX(회차설정!$C$13:$C$27,$S$14))*(자동계산!$A$4:$A$48<=INDEX(회차설정!$D$13:$D$27,$S$14))*자동계산!$C$4:$C$48))) | E24: =IF(OR($S$14="",$R$3=""),"",SUM(OFFSET(전체채점!$AW$2,$R$3,INDEX(회차설정!$C$13:$C$27,$S$14),1,INDEX(회차설정!$D$13:$D$27,$S$14)-INDEX(회차설정!$C$13:$C$27,$S$14)+1))) | F24: =IF(OR($S$14="",$D24=0,$D24="",$E24=""),"",$E24/$D24*100) | H24: =IF($F24="","",REPT("■",ROUND($F24/5,0)))
A25: =IF($R$3="","","합계") | D25: =IF($R$3="","",SUM(D13:D24)) | E25: =IF($R$3="","",SUM(E13:E24)) | F25: =IF(OR($D25=0,$D25=""),"",$E25/$D25*100) | H25: =IF($F25="","",REPT("■",ROUND($F25/5,0)))
A27: 4. 문항 채점표
A28: 문항 번호 | B28: 1 | C28: 2 | D28: 3 | E28: 4 | F28: 5 | G28: 6 | H28: 7 | I28: 8 | J28: 9 | K28: 10 | L28: 11 | M28: 12 | N28: 13 | O28: 14 | P28: 15
A29: 정답 | B29: =IF($R$4="","",IF($R$4="언어와 매체",자동계산!$D$4,자동계산!$B$4)) | C29: =IF($R$4="","",IF($R$4="언어와 매체",자동계산!$D$5,자동계산!$B$5)) | D29: =IF($R$4="","",IF($R$4="언어와 매체",자동계산!$D$6,자동계산!$B$6)) | E29: =IF($R$4="","",IF($R$4="언어와 매체",자동계산!$D$7,자동계산!$B$7)) | F29: =IF($R$4="","",IF($R$4="언어와 매체",자동계산!$D$8,자동계산!$B$8)) | G29: =IF($R$4="","",IF($R$4="언어와 매체",자동계산!$D$9,자동계산!$B$9)) | H29: =IF($R$4="","",IF($R$4="언어와 매체",자동계산!$D$10,자동계산!$B$10)) | I29: =IF($R$4="","",IF($R$4="언어와 매체",자동계산!$D$11,자동계산!$B$11)) | J29: =IF($R$4="","",IF($R$4="언어와 매체",자동계산!$D$12,자동계산!$B$12)) | K29: =IF($R$4="","",IF($R$4="언어와 매체",자동계산!$D$13,자동계산!$B$13)) | L29: =IF($R$4="","",IF($R$4="언어와 매체",자동계산!$D$14,자동계산!$B$14)) | M29: =IF($R$4="","",IF($R$4="언어와 매체",자동계산!$D$15,자동계산!$B$15)) | N29: =IF($R$4="","",IF($R$4="언어와 매체",자동계산!$D$16,자동계산!$B$16)) | O29: =IF($R$4="","",IF($R$4="언어와 매체",자동계산!$D$17,자동계산!$B$17)) | P29: =IF($R$4="","",IF($R$4="언어와 매체",자동계산!$D$18,자동계산!$B$18))
A30: 학생답안 | B30: =IF($R$3="","",INDEX(전체채점!E$3:E$62,$R$3)) | C30: =IF($R$3="","",INDEX(전체채점!F$3:F$62,$R$3)) | D30: =IF($R$3="","",INDEX(전체채점!G$3:G$62,$R$3)) | E30: =IF($R$3="","",INDEX(전체채점!H$3:H$62,$R$3)) | F30: =IF($R$3="","",INDEX(전체채점!I$3:I$62,$R$3)) | G30: =IF($R$3="","",INDEX(전체채점!J$3:J$62,$R$3)) | H30: =IF($R$3="","",INDEX(전체채점!K$3:K$62,$R$3)) | I30: =IF($R$3="","",INDEX(전체채점!L$3:L$62,$R$3)) | ... P30: =IF($R$3="","",INDEX(전체채점!S$3:S$62,$R$3))
A31: 정오 | B31: =IF($R$3="","",INDEX(전체채점!AX$3:AX$62,$R$3)) | C31: =IF($R$3="","",INDEX(전체채점!AY$3:AY$62,$R$3)) | D31: =IF($R$3="","",INDEX(전체채점!AZ$3:AZ$62,$R$3)) | E31: =IF($R$3="","",INDEX(전체채점!BA$3:BA$62,$R$3)) | F31: =IF($R$3="","",INDEX(전체채점!BB$3:BB$62,$R$3)) | G31: =IF($R$3="","",INDEX(전체채점!BC$3:BC$62,$R$3)) | H31: =IF($R$3="","",INDEX(전체채점!BD$3:BD$62,$R$3)) | I31: =IF($R$3="","",INDEX(전체채점!BE$3:BE$62,$R$3)) | ... P31: =IF($R$3="","",INDEX(전체채점!BL$3:BL$62,$R$3))
A32: 문항 번호 | B32: 16 | C32: 17 | D32: 18 | E32: 19 | F32: 20 | G32: 21 | H32: 22 | I32: 23 | J32: 24 | K32: 25 | L32: 26 | M32: 27 | N32: 28 | O32: 29 | P32: 30
A33: 정답 | B33: =IF($R$4="","",IF($R$4="언어와 매체",자동계산!$D$19,자동계산!$B$19)) | C33: =IF($R$4="","",IF($R$4="언어와 매체",자동계산!$D$20,자동계산!$B$20)) | D33: =IF($R$4="","",IF($R$4="언어와 매체",자동계산!$D$21,자동계산!$B$21)) | E33: =IF($R$4="","",IF($R$4="언어와 매체",자동계산!$D$22,자동계산!$B$22)) | F33: =IF($R$4="","",IF($R$4="언어와 매체",자동계산!$D$23,자동계산!$B$23)) | G33: =IF($R$4="","",IF($R$4="언어와 매체",자동계산!$D$24,자동계산!$B$24)) | H33: =IF($R$4="","",IF($R$4="언어와 매체",자동계산!$D$25,자동계산!$B$25)) | I33: =IF($R$4="","",IF($R$4="언어와 매체",자동계산!$D$26,자동계산!$B$26)) | J33: =IF($R$4="","",IF($R$4="언어와 매체",자동계산!$D$27,자동계산!$B$27)) | K33: =IF($R$4="","",IF($R$4="언어와 매체",자동계산!$D$28,자동계산!$B$28)) | L33: =IF($R$4="","",IF($R$4="언어와 매체",자동계산!$D$29,자동계산!$B$29)) | M33: =IF($R$4="","",IF($R$4="언어와 매체",자동계산!$D$30,자동계산!$B$30)) | N33: =IF($R$4="","",IF($R$4="언어와 매체",자동계산!$D$31,자동계산!$B$31)) | O33: =IF($R$4="","",IF($R$4="언어와 매체",자동계산!$D$32,자동계산!$B$32)) | P33: =IF($R$4="","",IF($R$4="언어와 매체",자동계산!$D$33,자동계산!$B$33))
A34: 학생답안 | B34: =IF($R$3="","",INDEX(전체채점!T$3:T$62,$R$3)) | C34: =IF($R$3="","",INDEX(전체채점!U$3:U$62,$R$3)) | D34: =IF($R$3="","",INDEX(전체채점!V$3:V$62,$R$3)) | E34: =IF($R$3="","",INDEX(전체채점!W$3:W$62,$R$3)) | F34: =IF($R$3="","",INDEX(전체채점!X$3:X$62,$R$3)) | G34: =IF($R$3="","",INDEX(전체채점!Y$3:Y$62,$R$3)) | H34: =IF($R$3="","",INDEX(전체채점!Z$3:Z$62,$R$3)) | I34: =IF($R$3="","",INDEX(전체채점!AA$3:AA$62,$R$3)) | ... P34: =IF($R$3="","",INDEX(전체채점!AH$3:AH$62,$R$3))
A35: 정오 | B35: =IF($R$3="","",INDEX(전체채점!BM$3:BM$62,$R$3)) | C35: =IF($R$3="","",INDEX(전체채점!BN$3:BN$62,$R$3)) | D35: =IF($R$3="","",INDEX(전체채점!BO$3:BO$62,$R$3)) | E35: =IF($R$3="","",INDEX(전체채점!BP$3:BP$62,$R$3)) | F35: =IF($R$3="","",INDEX(전체채점!BQ$3:BQ$62,$R$3)) | G35: =IF($R$3="","",INDEX(전체채점!BR$3:BR$62,$R$3)) | H35: =IF($R$3="","",INDEX(전체채점!BS$3:BS$62,$R$3)) | I35: =IF($R$3="","",INDEX(전체채점!BT$3:BT$62,$R$3)) | ... P35: =IF($R$3="","",INDEX(전체채점!CA$3:CA$62,$R$3))
A36: 문항 번호 | B36: 31 | C36: 32 | D36: 33 | E36: 34 | F36: 35 | G36: 36 | H36: 37 | I36: 38 | J36: 39 | K36: 40 | L36: 41 | M36: 42 | N36: 43 | O36: 44 | P36: 45
A37: 정답 | B37: =IF($R$4="","",IF($R$4="언어와 매체",자동계산!$D$34,자동계산!$B$34)) | C37: =IF($R$4="","",IF($R$4="언어와 매체",자동계산!$D$35,자동계산!$B$35)) | D37: =IF($R$4="","",IF($R$4="언어와 매체",자동계산!$D$36,자동계산!$B$36)) | E37: =IF($R$4="","",IF($R$4="언어와 매체",자동계산!$D$37,자동계산!$B$37)) | F37: =IF($R$4="","",IF($R$4="언어와 매체",자동계산!$D$38,자동계산!$B$38)) | G37: =IF($R$4="","",IF($R$4="언어와 매체",자동계산!$D$39,자동계산!$B$39)) | H37: =IF($R$4="","",IF($R$4="언어와 매체",자동계산!$D$40,자동계산!$B$40)) | I37: =IF($R$4="","",IF($R$4="언어와 매체",자동계산!$D$41,자동계산!$B$41)) | J37: =IF($R$4="","",IF($R$4="언어와 매체",자동계산!$D$42,자동계산!$B$42)) | K37: =IF($R$4="","",IF($R$4="언어와 매체",자동계산!$D$43,자동계산!$B$43)) | L37: =IF($R$4="","",IF($R$4="언어와 매체",자동계산!$D$44,자동계산!$B$44)) | M37: =IF($R$4="","",IF($R$4="언어와 매체",자동계산!$D$45,자동계산!$B$45)) | N37: =IF($R$4="","",IF($R$4="언어와 매체",자동계산!$D$46,자동계산!$B$46)) | O37: =IF($R$4="","",IF($R$4="언어와 매체",자동계산!$D$47,자동계산!$B$47)) | P37: =IF($R$4="","",IF($R$4="언어와 매체",자동계산!$D$48,자동계산!$B$48))
A38: 학생답안 | B38: =IF($R$3="","",INDEX(전체채점!AI$3:AI$62,$R$3)) | C38: =IF($R$3="","",INDEX(전체채점!AJ$3:AJ$62,$R$3)) | D38: =IF($R$3="","",INDEX(전체채점!AK$3:AK$62,$R$3)) | E38: =IF($R$3="","",INDEX(전체채점!AL$3:AL$62,$R$3)) | F38: =IF($R$3="","",INDEX(전체채점!AM$3:AM$62,$R$3)) | G38: =IF($R$3="","",INDEX(전체채점!AN$3:AN$62,$R$3)) | H38: =IF($R$3="","",INDEX(전체채점!AO$3:AO$62,$R$3)) | I38: =IF($R$3="","",INDEX(전체채점!AP$3:AP$62,$R$3)) | ... P38: =IF($R$3="","",INDEX(전체채점!AW$3:AW$62,$R$3))
A39: 정오 | B39: =IF($R$3="","",INDEX(전체채점!CB$3:CB$62,$R$3)) | C39: =IF($R$3="","",INDEX(전체채점!CC$3:CC$62,$R$3)) | D39: =IF($R$3="","",INDEX(전체채점!CD$3:CD$62,$R$3)) | E39: =IF($R$3="","",INDEX(전체채점!CE$3:CE$62,$R$3)) | F39: =IF($R$3="","",INDEX(전체채점!CF$3:CF$62,$R$3)) | G39: =IF($R$3="","",INDEX(전체채점!CG$3:CG$62,$R$3)) | H39: =IF($R$3="","",INDEX(전체채점!CH$3:CH$62,$R$3)) | I39: =IF($R$3="","",INDEX(전체채점!CI$3:CI$62,$R$3)) | ... P39: =IF($R$3="","",INDEX(전체채점!CP$3:CP$62,$R$3))
A42: =IF($R$44="","",회차설정!$B$2&" 성적표")
A44: 1. 학생정보 | R44: =IF(답안입력!$A$4="","",2) | S44: =IF($R$45="","",IFERROR(IF($R$45="언어와 매체",MATCH(1,회차설정!$G$13:$G$27,0),MATCH(1,회차설정!$F$13:$F$27,0)),""))
A45: 성명 | D45: 선택과목 | H45: 학년 | L45: 시행일 | R45: =IF($R$44="","",INDEX(전체채점!$B$3:$B$62,$R$44)) | S45: =IF($R$45="","",IFERROR(IF($R$45="언어와 매체",MATCH(2,회차설정!$G$13:$G$27,0),MATCH(2,회차설정!$F$13:$F$27,0)),""))
A46: =IF($R$44="","",INDEX(답안입력!$A$3:$A$62,$R$44)) | D46: =IF($R$44="","",INDEX(답안입력!$C$3:$C$62,$R$44)) | H46: =IF($R$44="","",INDEX(답안입력!$B$3:$B$62,$R$44)) | L46: =회차설정!$B$3 | R46: =IF($R$45="언어와 매체",회차설정!$B$9,회차설정!$B$8) | S46: =IF($R$45="","",IFERROR(IF($R$45="언어와 매체",MATCH(3,회차설정!$G$13:$G$27,0),MATCH(3,회차설정!$F$13:$F$27,0)),""))
R47: =IF($R$45="언어와 매체",회차설정!$C$9,회차설정!$C$8) | S47: =IF($R$45="","",IFERROR(IF($R$45="언어와 매체",MATCH(4,회차설정!$G$13:$G$27,0),MATCH(4,회차설정!$F$13:$F$27,0)),""))
A48: 2. 성적 | R48: =IF($R$45="언어와 매체",회차설정!$D$9,회차설정!$D$8) | S48: =IF($R$45="","",IFERROR(IF($R$45="언어와 매체",MATCH(5,회차설정!$G$13:$G$27,0),MATCH(5,회차설정!$F$13:$F$27,0)),""))
A49: 점수 (100점 만점) | F49: 등급 | I49: 등급컷 | M49: 같은 선택과목 평균 | R49: =IF($R$45="언어와 매체",회차설정!$E$9,회차설정!$E$8) | S49: =IF($R$45="","",IFERROR(IF($R$45="언어와 매체",MATCH(6,회차설정!$G$13:$G$27,0),MATCH(6,회차설정!$F$13:$F$27,0)),""))
A50: =IF($R$44="","",INDEX(전체채점!$C$3:$C$62,$R$44)) | F50: =IF($R$44="","",INDEX(전체채점!$D$3:$D$62,$R$44)) | I50: =IF($R$44="","",$R$46&"-"&$R$47&"-"&$R$48&"-"&$R$49) | M50: =IFERROR(AVERAGEIF(전체채점!$B$3:$B$62,$R$45,전체채점!$C$3:$C$62),"") | S50: =IF($R$45="","",IFERROR(IF($R$45="언어와 매체",MATCH(7,회차설정!$G$13:$G$27,0),MATCH(7,회차설정!$F$13:$F$27,0)),""))
S51: =IF($R$45="","",IFERROR(IF($R$45="언어와 매체",MATCH(8,회차설정!$G$13:$G$27,0),MATCH(8,회차설정!$F$13:$F$27,0)),""))
A52: 3. 영역분류별 성취도 분석 | F52: =IF(OR($R$44="",$E66=""),"",IF($E66=INDEX(전체채점!$C$3:$C$62,$R$44),"","※ 회차설정의 영역 표를 확인하세요 — 영역 합계와 점수가 다릅니다")) | S52: =IF($R$45="","",IFERROR(IF($R$45="언어와 매체",MATCH(9,회차설정!$G$13:$G$27,0),MATCH(9,회차설정!$F$13:$F$27,0)),""))
A53: 분류 | B53: 영역 | D53: 배점 | E53: 득점 | F53: 성취도(%) | S53: =IF($R$45="","",IFERROR(IF($R$45="언어와 매체",MATCH(10,회차설정!$G$13:$G$27,0),MATCH(10,회차설정!$F$13:$F$27,0)),""))
A54: =IF($S$44="","",INDEX(회차설정!$A$13:$A$27,$S$44)) | B54: =IF($S$44="","",INDEX(회차설정!$B$13:$B$27,$S$44)) | D54: =IF($S$44="","",IF($R$45="언어와 매체",SUMPRODUCT((자동계산!$A$4:$A$48>=INDEX(회차설정!$C$13:$C$27,$S$44))*(자동계산!$A$4:$A$48<=INDEX(회차설정!$D$13:$D$27,$S$44))*자동계산!$E$4:$E$48),SUMPRODUCT((자동계산!$A$4:$A$48>=INDEX(회차설정!$C$13:$C$27,$S$44))*(자동계산!$A$4:$A$48<=INDEX(회차설정!$D$13:$D$27,$S$44))*자동계산!$C$4:$C$48))) | E54: =IF(OR($S$44="",$R$44=""),"",SUM(OFFSET(전체채점!$AW$2,$R$44,INDEX(회차설정!$C$13:$C$27,$S$44),1,INDEX(회차설정!$D$13:$D$27,$S$44)-INDEX(회차설정!$C$13:$C$27,$S$44)+1))) | F54: =IF(OR($S$44="",$D54=0,$D54="",$E54=""),"",$E54/$D54*100) | H54: =IF($F54="","",REPT("■",ROUND($F54/5,0))) | S54: =IF($R$45="","",IFERROR(IF($R$45="언어와 매체",MATCH(11,회차설정!$G$13:$G$27,0),MATCH(11,회차설정!$F$13:$F$27,0)),""))
A55: =IF($S$45="","",INDEX(회차설정!$A$13:$A$27,$S$45)) | B55: =IF($S$45="","",INDEX(회차설정!$B$13:$B$27,$S$45)) | D55: =IF($S$45="","",IF($R$45="언어와 매체",SUMPRODUCT((자동계산!$A$4:$A$48>=INDEX(회차설정!$C$13:$C$27,$S$45))*(자동계산!$A$4:$A$48<=INDEX(회차설정!$D$13:$D$27,$S$45))*자동계산!$E$4:$E$48),SUMPRODUCT((자동계산!$A$4:$A$48>=INDEX(회차설정!$C$13:$C$27,$S$45))*(자동계산!$A$4:$A$48<=INDEX(회차설정!$D$13:$D$27,$S$45))*자동계산!$C$4:$C$48))) | E55: =IF(OR($S$45="",$R$44=""),"",SUM(OFFSET(전체채점!$AW$2,$R$44,INDEX(회차설정!$C$13:$C$27,$S$45),1,INDEX(회차설정!$D$13:$D$27,$S$45)-INDEX(회차설정!$C$13:$C$27,$S$45)+1))) | F55: =IF(OR($S$45="",$D55=0,$D55="",$E55=""),"",$E55/$D55*100) | H55: =IF($F55="","",REPT("■",ROUND($F55/5,0))) | S55: =IF($R$45="","",IFERROR(IF($R$45="언어와 매체",MATCH(12,회차설정!$G$13:$G$27,0),MATCH(12,회차설정!$F$13:$F$27,0)),""))
A56: =IF($S$46="","",INDEX(회차설정!$A$13:$A$27,$S$46)) | B56: =IF($S$46="","",INDEX(회차설정!$B$13:$B$27,$S$46)) | D56: =IF($S$46="","",IF($R$45="언어와 매체",SUMPRODUCT((자동계산!$A$4:$A$48>=INDEX(회차설정!$C$13:$C$27,$S$46))*(자동계산!$A$4:$A$48<=INDEX(회차설정!$D$13:$D$27,$S$46))*자동계산!$E$4:$E$48),SUMPRODUCT((자동계산!$A$4:$A$48>=INDEX(회차설정!$C$13:$C$27,$S$46))*(자동계산!$A$4:$A$48<=INDEX(회차설정!$D$13:$D$27,$S$46))*자동계산!$C$4:$C$48))) | E56: =IF(OR($S$46="",$R$44=""),"",SUM(OFFSET(전체채점!$AW$2,$R$44,INDEX(회차설정!$C$13:$C$27,$S$46),1,INDEX(회차설정!$D$13:$D$27,$S$46)-INDEX(회차설정!$C$13:$C$27,$S$46)+1))) | F56: =IF(OR($S$46="",$D56=0,$D56="",$E56=""),"",$E56/$D56*100) | H56: =IF($F56="","",REPT("■",ROUND($F56/5,0)))
A57: =IF($S$47="","",INDEX(회차설정!$A$13:$A$27,$S$47)) | B57: =IF($S$47="","",INDEX(회차설정!$B$13:$B$27,$S$47)) | D57: =IF($S$47="","",IF($R$45="언어와 매체",SUMPRODUCT((자동계산!$A$4:$A$48>=INDEX(회차설정!$C$13:$C$27,$S$47))*(자동계산!$A$4:$A$48<=INDEX(회차설정!$D$13:$D$27,$S$47))*자동계산!$E$4:$E$48),SUMPRODUCT((자동계산!$A$4:$A$48>=INDEX(회차설정!$C$13:$C$27,$S$47))*(자동계산!$A$4:$A$48<=INDEX(회차설정!$D$13:$D$27,$S$47))*자동계산!$C$4:$C$48))) | E57: =IF(OR($S$47="",$R$44=""),"",SUM(OFFSET(전체채점!$AW$2,$R$44,INDEX(회차설정!$C$13:$C$27,$S$47),1,INDEX(회차설정!$D$13:$D$27,$S$47)-INDEX(회차설정!$C$13:$C$27,$S$47)+1))) | F57: =IF(OR($S$47="",$D57=0,$D57="",$E57=""),"",$E57/$D57*100) | H57: =IF($F57="","",REPT("■",ROUND($F57/5,0)))
A58: =IF($S$48="","",INDEX(회차설정!$A$13:$A$27,$S$48)) | B58: =IF($S$48="","",INDEX(회차설정!$B$13:$B$27,$S$48)) | D58: =IF($S$48="","",IF($R$45="언어와 매체",SUMPRODUCT((자동계산!$A$4:$A$48>=INDEX(회차설정!$C$13:$C$27,$S$48))*(자동계산!$A$4:$A$48<=INDEX(회차설정!$D$13:$D$27,$S$48))*자동계산!$E$4:$E$48),SUMPRODUCT((자동계산!$A$4:$A$48>=INDEX(회차설정!$C$13:$C$27,$S$48))*(자동계산!$A$4:$A$48<=INDEX(회차설정!$D$13:$D$27,$S$48))*자동계산!$C$4:$C$48))) | E58: =IF(OR($S$48="",$R$44=""),"",SUM(OFFSET(전체채점!$AW$2,$R$44,INDEX(회차설정!$C$13:$C$27,$S$48),1,INDEX(회차설정!$D$13:$D$27,$S$48)-INDEX(회차설정!$C$13:$C$27,$S$48)+1))) | F58: =IF(OR($S$48="",$D58=0,$D58="",$E58=""),"",$E58/$D58*100) | H58: =IF($F58="","",REPT("■",ROUND($F58/5,0)))
A59: =IF($S$49="","",INDEX(회차설정!$A$13:$A$27,$S$49)) | B59: =IF($S$49="","",INDEX(회차설정!$B$13:$B$27,$S$49)) | D59: =IF($S$49="","",IF($R$45="언어와 매체",SUMPRODUCT((자동계산!$A$4:$A$48>=INDEX(회차설정!$C$13:$C$27,$S$49))*(자동계산!$A$4:$A$48<=INDEX(회차설정!$D$13:$D$27,$S$49))*자동계산!$E$4:$E$48),SUMPRODUCT((자동계산!$A$4:$A$48>=INDEX(회차설정!$C$13:$C$27,$S$49))*(자동계산!$A$4:$A$48<=INDEX(회차설정!$D$13:$D$27,$S$49))*자동계산!$C$4:$C$48))) | E59: =IF(OR($S$49="",$R$44=""),"",SUM(OFFSET(전체채점!$AW$2,$R$44,INDEX(회차설정!$C$13:$C$27,$S$49),1,INDEX(회차설정!$D$13:$D$27,$S$49)-INDEX(회차설정!$C$13:$C$27,$S$49)+1))) | F59: =IF(OR($S$49="",$D59=0,$D59="",$E59=""),"",$E59/$D59*100) | H59: =IF($F59="","",REPT("■",ROUND($F59/5,0)))
A60: =IF($S$50="","",INDEX(회차설정!$A$13:$A$27,$S$50)) | B60: =IF($S$50="","",INDEX(회차설정!$B$13:$B$27,$S$50)) | D60: =IF($S$50="","",IF($R$45="언어와 매체",SUMPRODUCT((자동계산!$A$4:$A$48>=INDEX(회차설정!$C$13:$C$27,$S$50))*(자동계산!$A$4:$A$48<=INDEX(회차설정!$D$13:$D$27,$S$50))*자동계산!$E$4:$E$48),SUMPRODUCT((자동계산!$A$4:$A$48>=INDEX(회차설정!$C$13:$C$27,$S$50))*(자동계산!$A$4:$A$48<=INDEX(회차설정!$D$13:$D$27,$S$50))*자동계산!$C$4:$C$48))) | E60: =IF(OR($S$50="",$R$44=""),"",SUM(OFFSET(전체채점!$AW$2,$R$44,INDEX(회차설정!$C$13:$C$27,$S$50),1,INDEX(회차설정!$D$13:$D$27,$S$50)-INDEX(회차설정!$C$13:$C$27,$S$50)+1))) | F60: =IF(OR($S$50="",$D60=0,$D60="",$E60=""),"",$E60/$D60*100) | H60: =IF($F60="","",REPT("■",ROUND($F60/5,0)))
A61: =IF($S$51="","",INDEX(회차설정!$A$13:$A$27,$S$51)) | B61: =IF($S$51="","",INDEX(회차설정!$B$13:$B$27,$S$51)) | D61: =IF($S$51="","",IF($R$45="언어와 매체",SUMPRODUCT((자동계산!$A$4:$A$48>=INDEX(회차설정!$C$13:$C$27,$S$51))*(자동계산!$A$4:$A$48<=INDEX(회차설정!$D$13:$D$27,$S$51))*자동계산!$E$4:$E$48),SUMPRODUCT((자동계산!$A$4:$A$48>=INDEX(회차설정!$C$13:$C$27,$S$51))*(자동계산!$A$4:$A$48<=INDEX(회차설정!$D$13:$D$27,$S$51))*자동계산!$C$4:$C$48))) | E61: =IF(OR($S$51="",$R$44=""),"",SUM(OFFSET(전체채점!$AW$2,$R$44,INDEX(회차설정!$C$13:$C$27,$S$51),1,INDEX(회차설정!$D$13:$D$27,$S$51)-INDEX(회차설정!$C$13:$C$27,$S$51)+1))) | F61: =IF(OR($S$51="",$D61=0,$D61="",$E61=""),"",$E61/$D61*100) | H61: =IF($F61="","",REPT("■",ROUND($F61/5,0)))
A62: =IF($S$52="","",INDEX(회차설정!$A$13:$A$27,$S$52)) | B62: =IF($S$52="","",INDEX(회차설정!$B$13:$B$27,$S$52)) | D62: =IF($S$52="","",IF($R$45="언어와 매체",SUMPRODUCT((자동계산!$A$4:$A$48>=INDEX(회차설정!$C$13:$C$27,$S$52))*(자동계산!$A$4:$A$48<=INDEX(회차설정!$D$13:$D$27,$S$52))*자동계산!$E$4:$E$48),SUMPRODUCT((자동계산!$A$4:$A$48>=INDEX(회차설정!$C$13:$C$27,$S$52))*(자동계산!$A$4:$A$48<=INDEX(회차설정!$D$13:$D$27,$S$52))*자동계산!$C$4:$C$48))) | E62: =IF(OR($S$52="",$R$44=""),"",SUM(OFFSET(전체채점!$AW$2,$R$44,INDEX(회차설정!$C$13:$C$27,$S$52),1,INDEX(회차설정!$D$13:$D$27,$S$52)-INDEX(회차설정!$C$13:$C$27,$S$52)+1))) | F62: =IF(OR($S$52="",$D62=0,$D62="",$E62=""),"",$E62/$D62*100) | H62: =IF($F62="","",REPT("■",ROUND($F62/5,0)))
A63: =IF($S$53="","",INDEX(회차설정!$A$13:$A$27,$S$53)) | B63: =IF($S$53="","",INDEX(회차설정!$B$13:$B$27,$S$53)) | D63: =IF($S$53="","",IF($R$45="언어와 매체",SUMPRODUCT((자동계산!$A$4:$A$48>=INDEX(회차설정!$C$13:$C$27,$S$53))*(자동계산!$A$4:$A$48<=INDEX(회차설정!$D$13:$D$27,$S$53))*자동계산!$E$4:$E$48),SUMPRODUCT((자동계산!$A$4:$A$48>=INDEX(회차설정!$C$13:$C$27,$S$53))*(자동계산!$A$4:$A$48<=INDEX(회차설정!$D$13:$D$27,$S$53))*자동계산!$C$4:$C$48))) | E63: =IF(OR($S$53="",$R$44=""),"",SUM(OFFSET(전체채점!$AW$2,$R$44,INDEX(회차설정!$C$13:$C$27,$S$53),1,INDEX(회차설정!$D$13:$D$27,$S$53)-INDEX(회차설정!$C$13:$C$27,$S$53)+1))) | F63: =IF(OR($S$53="",$D63=0,$D63="",$E63=""),"",$E63/$D63*100) | H63: =IF($F63="","",REPT("■",ROUND($F63/5,0)))
A64: =IF($S$54="","",INDEX(회차설정!$A$13:$A$27,$S$54)) | B64: =IF($S$54="","",INDEX(회차설정!$B$13:$B$27,$S$54)) | D64: =IF($S$54="","",IF($R$45="언어와 매체",SUMPRODUCT((자동계산!$A$4:$A$48>=INDEX(회차설정!$C$13:$C$27,$S$54))*(자동계산!$A$4:$A$48<=INDEX(회차설정!$D$13:$D$27,$S$54))*자동계산!$E$4:$E$48),SUMPRODUCT((자동계산!$A$4:$A$48>=INDEX(회차설정!$C$13:$C$27,$S$54))*(자동계산!$A$4:$A$48<=INDEX(회차설정!$D$13:$D$27,$S$54))*자동계산!$C$4:$C$48))) | E64: =IF(OR($S$54="",$R$44=""),"",SUM(OFFSET(전체채점!$AW$2,$R$44,INDEX(회차설정!$C$13:$C$27,$S$54),1,INDEX(회차설정!$D$13:$D$27,$S$54)-INDEX(회차설정!$C$13:$C$27,$S$54)+1))) | F64: =IF(OR($S$54="",$D64=0,$D64="",$E64=""),"",$E64/$D64*100) | H64: =IF($F64="","",REPT("■",ROUND($F64/5,0)))
A65: =IF($S$55="","",INDEX(회차설정!$A$13:$A$27,$S$55)) | B65: =IF($S$55="","",INDEX(회차설정!$B$13:$B$27,$S$55)) | D65: =IF($S$55="","",IF($R$45="언어와 매체",SUMPRODUCT((자동계산!$A$4:$A$48>=INDEX(회차설정!$C$13:$C$27,$S$55))*(자동계산!$A$4:$A$48<=INDEX(회차설정!$D$13:$D$27,$S$55))*자동계산!$E$4:$E$48),SUMPRODUCT((자동계산!$A$4:$A$48>=INDEX(회차설정!$C$13:$C$27,$S$55))*(자동계산!$A$4:$A$48<=INDEX(회차설정!$D$13:$D$27,$S$55))*자동계산!$C$4:$C$48))) | E65: =IF(OR($S$55="",$R$44=""),"",SUM(OFFSET(전체채점!$AW$2,$R$44,INDEX(회차설정!$C$13:$C$27,$S$55),1,INDEX(회차설정!$D$13:$D$27,$S$55)-INDEX(회차설정!$C$13:$C$27,$S$55)+1))) | F65: =IF(OR($S$55="",$D65=0,$D65="",$E65=""),"",$E65/$D65*100) | H65: =IF($F65="","",REPT("■",ROUND($F65/5,0)))
A66: =IF($R$44="","","합계") | D66: =IF($R$44="","",SUM(D54:D65)) | E66: =IF($R$44="","",SUM(E54:E65)) | F66: =IF(OR($D66=0,$D66=""),"",$E66/$D66*100) | H66: =IF($F66="","",REPT("■",ROUND($F66/5,0)))
A68: 4. 문항 채점표
A69: 문항 번호 | B69: 1 | C69: 2 | D69: 3 | E69: 4 | F69: 5 | G69: 6 | H69: 7 | I69: 8 | J69: 9 | K69: 10 | L69: 11 | M69: 12 | N69: 13 | O69: 14 | P69: 15
A70: 정답 | B70: =IF($R$45="","",IF($R$45="언어와 매체",자동계산!$D$4,자동계산!$B$4)) | C70: =IF($R$45="","",IF($R$45="언어와 매체",자동계산!$D$5,자동계산!$B$5)) | D70: =IF($R$45="","",IF($R$45="언어와 매체",자동계산!$D$6,자동계산!$B$6)) | E70: =IF($R$45="","",IF($R$45="언어와 매체",자동계산!$D$7,자동계산!$B$7)) | F70: =IF($R$45="","",IF($R$45="언어와 매체",자동계산!$D$8,자동계산!$B$8)) | G70: =IF($R$45="","",IF($R$45="언어와 매체",자동계산!$D$9,자동계산!$B$9)) | H70: =IF($R$45="","",IF($R$45="언어와 매체",자동계산!$D$10,자동계산!$B$10)) | I70: =IF($R$45="","",IF($R$45="언어와 매체",자동계산!$D$11,자동계산!$B$11)) | J70: =IF($R$45="","",IF($R$45="언어와 매체",자동계산!$D$12,자동계산!$B$12)) | K70: =IF($R$45="","",IF($R$45="언어와 매체",자동계산!$D$13,자동계산!$B$13)) | L70: =IF($R$45="","",IF($R$45="언어와 매체",자동계산!$D$14,자동계산!$B$14)) | M70: =IF($R$45="","",IF($R$45="언어와 매체",자동계산!$D$15,자동계산!$B$15)) | N70: =IF($R$45="","",IF($R$45="언어와 매체",자동계산!$D$16,자동계산!$B$16)) | O70: =IF($R$45="","",IF($R$45="언어와 매체",자동계산!$D$17,자동계산!$B$17)) | P70: =IF($R$45="","",IF($R$45="언어와 매체",자동계산!$D$18,자동계산!$B$18))
A71: 학생답안 | B71: =IF($R$44="","",INDEX(전체채점!E$3:E$62,$R$44)) | C71: =IF($R$44="","",INDEX(전체채점!F$3:F$62,$R$44)) | D71: =IF($R$44="","",INDEX(전체채점!G$3:G$62,$R$44)) | E71: =IF($R$44="","",INDEX(전체채점!H$3:H$62,$R$44)) | F71: =IF($R$44="","",INDEX(전체채점!I$3:I$62,$R$44)) | G71: =IF($R$44="","",INDEX(전체채점!J$3:J$62,$R$44)) | H71: =IF($R$44="","",INDEX(전체채점!K$3:K$62,$R$44)) | I71: =IF($R$44="","",INDEX(전체채점!L$3:L$62,$R$44)) | ... P71: =IF($R$44="","",INDEX(전체채점!S$3:S$62,$R$44))
A72: 정오 | B72: =IF($R$44="","",INDEX(전체채점!AX$3:AX$62,$R$44)) | C72: =IF($R$44="","",INDEX(전체채점!AY$3:AY$62,$R$44)) | D72: =IF($R$44="","",INDEX(전체채점!AZ$3:AZ$62,$R$44)) | E72: =IF($R$44="","",INDEX(전체채점!BA$3:BA$62,$R$44)) | F72: =IF($R$44="","",INDEX(전체채점!BB$3:BB$62,$R$44)) | G72: =IF($R$44="","",INDEX(전체채점!BC$3:BC$62,$R$44)) | H72: =IF($R$44="","",INDEX(전체채점!BD$3:BD$62,$R$44)) | I72: =IF($R$44="","",INDEX(전체채점!BE$3:BE$62,$R$44)) | ... P72: =IF($R$44="","",INDEX(전체채점!BL$3:BL$62,$R$44))
A73: 문항 번호 | B73: 16 | C73: 17 | D73: 18 | E73: 19 | F73: 20 | G73: 21 | H73: 22 | I73: 23 | J73: 24 | K73: 25 | L73: 26 | M73: 27 | N73: 28 | O73: 29 | P73: 30
A74: 정답 | B74: =IF($R$45="","",IF($R$45="언어와 매체",자동계산!$D$19,자동계산!$B$19)) | C74: =IF($R$45="","",IF($R$45="언어와 매체",자동계산!$D$20,자동계산!$B$20)) | D74: =IF($R$45="","",IF($R$45="언어와 매체",자동계산!$D$21,자동계산!$B$21)) | E74: =IF($R$45="","",IF($R$45="언어와 매체",자동계산!$D$22,자동계산!$B$22)) | F74: =IF($R$45="","",IF($R$45="언어와 매체",자동계산!$D$23,자동계산!$B$23)) | G74: =IF($R$45="","",IF($R$45="언어와 매체",자동계산!$D$24,자동계산!$B$24)) | H74: =IF($R$45="","",IF($R$45="언어와 매체",자동계산!$D$25,자동계산!$B$25)) | I74: =IF($R$45="","",IF($R$45="언어와 매체",자동계산!$D$26,자동계산!$B$26)) | J74: =IF($R$45="","",IF($R$45="언어와 매체",자동계산!$D$27,자동계산!$B$27)) | K74: =IF($R$45="","",IF($R$45="언어와 매체",자동계산!$D$28,자동계산!$B$28)) | L74: =IF($R$45="","",IF($R$45="언어와 매체",자동계산!$D$29,자동계산!$B$29)) | M74: =IF($R$45="","",IF($R$45="언어와 매체",자동계산!$D$30,자동계산!$B$30)) | N74: =IF($R$45="","",IF($R$45="언어와 매체",자동계산!$D$31,자동계산!$B$31)) | O74: =IF($R$45="","",IF($R$45="언어와 매체",자동계산!$D$32,자동계산!$B$32)) | P74: =IF($R$45="","",IF($R$45="언어와 매체",자동계산!$D$33,자동계산!$B$33))
A75: 학생답안 | B75: =IF($R$44="","",INDEX(전체채점!T$3:T$62,$R$44)) | C75: =IF($R$44="","",INDEX(전체채점!U$3:U$62,$R$44)) | D75: =IF($R$44="","",INDEX(전체채점!V$3:V$62,$R$44)) | E75: =IF($R$44="","",INDEX(전체채점!W$3:W$62,$R$44)) | F75: =IF($R$44="","",INDEX(전체채점!X$3:X$62,$R$44)) | G75: =IF($R$44="","",INDEX(전체채점!Y$3:Y$62,$R$44)) | H75: =IF($R$44="","",INDEX(전체채점!Z$3:Z$62,$R$44)) | I75: =IF($R$44="","",INDEX(전체채점!AA$3:AA$62,$R$44)) | ... P75: =IF($R$44="","",INDEX(전체채점!AH$3:AH$62,$R$44))
A76: 정오 | B76: =IF($R$44="","",INDEX(전체채점!BM$3:BM$62,$R$44)) | C76: =IF($R$44="","",INDEX(전체채점!BN$3:BN$62,$R$44)) | D76: =IF($R$44="","",INDEX(전체채점!BO$3:BO$62,$R$44)) | E76: =IF($R$44="","",INDEX(전체채점!BP$3:BP$62,$R$44)) | F76: =IF($R$44="","",INDEX(전체채점!BQ$3:BQ$62,$R$44)) | G76: =IF($R$44="","",INDEX(전체채점!BR$3:BR$62,$R$44)) | H76: =IF($R$44="","",INDEX(전체채점!BS$3:BS$62,$R$44)) | I76: =IF($R$44="","",INDEX(전체채점!BT$3:BT$62,$R$44)) | ... P76: =IF($R$44="","",INDEX(전체채점!CA$3:CA$62,$R$44))
A77: 문항 번호 | B77: 31 | C77: 32 | D77: 33 | E77: 34 | F77: 35 | G77: 36 | H77: 37 | I77: 38 | J77: 39 | K77: 40 | L77: 41 | M77: 42 | N77: 43 | O77: 44 | P77: 45
A78: 정답 | B78: =IF($R$45="","",IF($R$45="언어와 매체",자동계산!$D$34,자동계산!$B$34)) | C78: =IF($R$45="","",IF($R$45="언어와 매체",자동계산!$D$35,자동계산!$B$35)) | D78: =IF($R$45="","",IF($R$45="언어와 매체",자동계산!$D$36,자동계산!$B$36)) | E78: =IF($R$45="","",IF($R$45="언어와 매체",자동계산!$D$37,자동계산!$B$37)) | F78: =IF($R$45="","",IF($R$45="언어와 매체",자동계산!$D$38,자동계산!$B$38)) | G78: =IF($R$45="","",IF($R$45="언어와 매체",자동계산!$D$39,자동계산!$B$39)) | H78: =IF($R$45="","",IF($R$45="언어와 매체",자동계산!$D$40,자동계산!$B$40)) | I78: =IF($R$45="","",IF($R$45="언어와 매체",자동계산!$D$41,자동계산!$B$41)) | J78: =IF($R$45="","",IF($R$45="언어와 매체",자동계산!$D$42,자동계산!$B$42)) | K78: =IF($R$45="","",IF($R$45="언어와 매체",자동계산!$D$43,자동계산!$B$43)) | L78: =IF($R$45="","",IF($R$45="언어와 매체",자동계산!$D$44,자동계산!$B$44)) | M78: =IF($R$45="","",IF($R$45="언어와 매체",자동계산!$D$45,자동계산!$B$45)) | N78: =IF($R$45="","",IF($R$45="언어와 매체",자동계산!$D$46,자동계산!$B$46)) | O78: =IF($R$45="","",IF($R$45="언어와 매체",자동계산!$D$47,자동계산!$B$47)) | P78: =IF($R$45="","",IF($R$45="언어와 매체",자동계산!$D$48,자동계산!$B$48))
A79: 학생답안 | B79: =IF($R$44="","",INDEX(전체채점!AI$3:AI$62,$R$44)) | C79: =IF($R$44="","",INDEX(전체채점!AJ$3:AJ$62,$R$44)) | D79: =IF($R$44="","",INDEX(전체채점!AK$3:AK$62,$R$44)) | E79: =IF($R$44="","",INDEX(전체채점!AL$3:AL$62,$R$44)) | F79: =IF($R$44="","",INDEX(전체채점!AM$3:AM$62,$R$44)) | G79: =IF($R$44="","",INDEX(전체채점!AN$3:AN$62,$R$44)) | H79: =IF($R$44="","",INDEX(전체채점!AO$3:AO$62,$R$44)) | I79: =IF($R$44="","",INDEX(전체채점!AP$3:AP$62,$R$44)) | ... P79: =IF($R$44="","",INDEX(전체채점!AW$3:AW$62,$R$44))
A80: 정오 | B80: =IF($R$44="","",INDEX(전체채점!CB$3:CB$62,$R$44)) | C80: =IF($R$44="","",INDEX(전체채점!CC$3:CC$62,$R$44)) | D80: =IF($R$44="","",INDEX(전체채점!CD$3:CD$62,$R$44)) | E80: =IF($R$44="","",INDEX(전체채점!CE$3:CE$62,$R$44)) | F80: =IF($R$44="","",INDEX(전체채점!CF$3:CF$62,$R$44)) | G80: =IF($R$44="","",INDEX(전체채점!CG$3:CG$62,$R$44)) | H80: =IF($R$44="","",INDEX(전체채점!CH$3:CH$62,$R$44)) | I80: =IF($R$44="","",INDEX(전체채점!CI$3:CI$62,$R$44)) | ... P80: =IF($R$44="","",INDEX(전체채점!CP$3:CP$62,$R$44))
A83: =IF($R$85="","",회차설정!$B$2&" 성적표")
A85: 1. 학생정보 | R85: =IF(답안입력!$A$5="","",3) | S85: =IF($R$86="","",IFERROR(IF($R$86="언어와 매체",MATCH(1,회차설정!$G$13:$G$27,0),MATCH(1,회차설정!$F$13:$F$27,0)),""))
A86: 성명 | D86: 선택과목 | H86: 학년 | L86: 시행일 | R86: =IF($R$85="","",INDEX(전체채점!$B$3:$B$62,$R$85)) | S86: =IF($R$86="","",IFERROR(IF($R$86="언어와 매체",MATCH(2,회차설정!$G$13:$G$27,0),MATCH(2,회차설정!$F$13:$F$27,0)),""))
A87: =IF($R$85="","",INDEX(답안입력!$A$3:$A$62,$R$85)) | D87: =IF($R$85="","",INDEX(답안입력!$C$3:$C$62,$R$85)) | H87: =IF($R$85="","",INDEX(답안입력!$B$3:$B$62,$R$85)) | L87: =회차설정!$B$3 | R87: =IF($R$86="언어와 매체",회차설정!$B$9,회차설정!$B$8) | S87: =IF($R$86="","",IFERROR(IF($R$86="언어와 매체",MATCH(3,회차설정!$G$13:$G$27,0),MATCH(3,회차설정!$F$13:$F$27,0)),""))
R88: =IF($R$86="언어와 매체",회차설정!$C$9,회차설정!$C$8) | S88: =IF($R$86="","",IFERROR(IF($R$86="언어와 매체",MATCH(4,회차설정!$G$13:$G$27,0),MATCH(4,회차설정!$F$13:$F$27,0)),""))
A89: 2. 성적 | R89: =IF($R$86="언어와 매체",회차설정!$D$9,회차설정!$D$8) | S89: =IF($R$86="","",IFERROR(IF($R$86="언어와 매체",MATCH(5,회차설정!$G$13:$G$27,0),MATCH(5,회차설정!$F$13:$F$27,0)),""))
A90: 점수 (100점 만점) | F90: 등급 | I90: 등급컷 | M90: 같은 선택과목 평균 | R90: =IF($R$86="언어와 매체",회차설정!$E$9,회차설정!$E$8) | S90: =IF($R$86="","",IFERROR(IF($R$86="언어와 매체",MATCH(6,회차설정!$G$13:$G$27,0),MATCH(6,회차설정!$F$13:$F$27,0)),""))
A91: =IF($R$85="","",INDEX(전체채점!$C$3:$C$62,$R$85)) | F91: =IF($R$85="","",INDEX(전체채점!$D$3:$D$62,$R$85)) | I91: =IF($R$85="","",$R$87&"-"&$R$88&"-"&$R$89&"-"&$R$90) | M91: =IFERROR(AVERAGEIF(전체채점!$B$3:$B$62,$R$86,전체채점!$C$3:$C$62),"") | S91: =IF($R$86="","",IFERROR(IF($R$86="언어와 매체",MATCH(7,회차설정!$G$13:$G$27,0),MATCH(7,회차설정!$F$13:$F$27,0)),""))
S92: =IF($R$86="","",IFERROR(IF($R$86="언어와 매체",MATCH(8,회차설정!$G$13:$G$27,0),MATCH(8,회차설정!$F$13:$F$27,0)),""))
A93: 3. 영역분류별 성취도 분석 | F93: =IF(OR($R$85="",$E107=""),"",IF($E107=INDEX(전체채점!$C$3:$C$62,$R$85),"","※ 회차설정의 영역 표를 확인하세요 — 영역 합계와 점수가 다릅니다")) | S93: =IF($R$86="","",IFERROR(IF($R$86="언어와 매체",MATCH(9,회차설정!$G$13:$G$27,0),MATCH(9,회차설정!$F$13:$F$27,0)),""))
A94: 분류 | B94: 영역 | D94: 배점 | E94: 득점 | F94: 성취도(%) | S94: =IF($R$86="","",IFERROR(IF($R$86="언어와 매체",MATCH(10,회차설정!$G$13:$G$27,0),MATCH(10,회차설정!$F$13:$F$27,0)),""))
A95: =IF($S$85="","",INDEX(회차설정!$A$13:$A$27,$S$85)) | B95: =IF($S$85="","",INDEX(회차설정!$B$13:$B$27,$S$85)) | D95: =IF($S$85="","",IF($R$86="언어와 매체",SUMPRODUCT((자동계산!$A$4:$A$48>=INDEX(회차설정!$C$13:$C$27,$S$85))*(자동계산!$A$4:$A$48<=INDEX(회차설정!$D$13:$D$27,$S$85))*자동계산!$E$4:$E$48),SUMPRODUCT((자동계산!$A$4:$A$48>=INDEX(회차설정!$C$13:$C$27,$S$85))*(자동계산!$A$4:$A$48<=INDEX(회차설정!$D$13:$D$27,$S$85))*자동계산!$C$4:$C$48))) | E95: =IF(OR($S$85="",$R$85=""),"",SUM(OFFSET(전체채점!$AW$2,$R$85,INDEX(회차설정!$C$13:$C$27,$S$85),1,INDEX(회차설정!$D$13:$D$27,$S$85)-INDEX(회차설정!$C$13:$C$27,$S$85)+1))) | F95: =IF(OR($S$85="",$D95=0,$D95="",$E95=""),"",$E95/$D95*100) | H95: =IF($F95="","",REPT("■",ROUND($F95/5,0))) | S95: =IF($R$86="","",IFERROR(IF($R$86="언어와 매체",MATCH(11,회차설정!$G$13:$G$27,0),MATCH(11,회차설정!$F$13:$F$27,0)),""))
A96: =IF($S$86="","",INDEX(회차설정!$A$13:$A$27,$S$86)) | B96: =IF($S$86="","",INDEX(회차설정!$B$13:$B$27,$S$86)) | D96: =IF($S$86="","",IF($R$86="언어와 매체",SUMPRODUCT((자동계산!$A$4:$A$48>=INDEX(회차설정!$C$13:$C$27,$S$86))*(자동계산!$A$4:$A$48<=INDEX(회차설정!$D$13:$D$27,$S$86))*자동계산!$E$4:$E$48),SUMPRODUCT((자동계산!$A$4:$A$48>=INDEX(회차설정!$C$13:$C$27,$S$86))*(자동계산!$A$4:$A$48<=INDEX(회차설정!$D$13:$D$27,$S$86))*자동계산!$C$4:$C$48))) | E96: =IF(OR($S$86="",$R$85=""),"",SUM(OFFSET(전체채점!$AW$2,$R$85,INDEX(회차설정!$C$13:$C$27,$S$86),1,INDEX(회차설정!$D$13:$D$27,$S$86)-INDEX(회차설정!$C$13:$C$27,$S$86)+1))) | F96: =IF(OR($S$86="",$D96=0,$D96="",$E96=""),"",$E96/$D96*100) | H96: =IF($F96="","",REPT("■",ROUND($F96/5,0))) | S96: =IF($R$86="","",IFERROR(IF($R$86="언어와 매체",MATCH(12,회차설정!$G$13:$G$27,0),MATCH(12,회차설정!$F$13:$F$27,0)),""))
A97: =IF($S$87="","",INDEX(회차설정!$A$13:$A$27,$S$87)) | B97: =IF($S$87="","",INDEX(회차설정!$B$13:$B$27,$S$87)) | D97: =IF($S$87="","",IF($R$86="언어와 매체",SUMPRODUCT((자동계산!$A$4:$A$48>=INDEX(회차설정!$C$13:$C$27,$S$87))*(자동계산!$A$4:$A$48<=INDEX(회차설정!$D$13:$D$27,$S$87))*자동계산!$E$4:$E$48),SUMPRODUCT((자동계산!$A$4:$A$48>=INDEX(회차설정!$C$13:$C$27,$S$87))*(자동계산!$A$4:$A$48<=INDEX(회차설정!$D$13:$D$27,$S$87))*자동계산!$C$4:$C$48))) | E97: =IF(OR($S$87="",$R$85=""),"",SUM(OFFSET(전체채점!$AW$2,$R$85,INDEX(회차설정!$C$13:$C$27,$S$87),1,INDEX(회차설정!$D$13:$D$27,$S$87)-INDEX(회차설정!$C$13:$C$27,$S$87)+1))) | F97: =IF(OR($S$87="",$D97=0,$D97="",$E97=""),"",$E97/$D97*100) | H97: =IF($F97="","",REPT("■",ROUND($F97/5,0)))
A98: =IF($S$88="","",INDEX(회차설정!$A$13:$A$27,$S$88)) | B98: =IF($S$88="","",INDEX(회차설정!$B$13:$B$27,$S$88)) | D98: =IF($S$88="","",IF($R$86="언어와 매체",SUMPRODUCT((자동계산!$A$4:$A$48>=INDEX(회차설정!$C$13:$C$27,$S$88))*(자동계산!$A$4:$A$48<=INDEX(회차설정!$D$13:$D$27,$S$88))*자동계산!$E$4:$E$48),SUMPRODUCT((자동계산!$A$4:$A$48>=INDEX(회차설정!$C$13:$C$27,$S$88))*(자동계산!$A$4:$A$48<=INDEX(회차설정!$D$13:$D$27,$S$88))*자동계산!$C$4:$C$48))) | E98: =IF(OR($S$88="",$R$85=""),"",SUM(OFFSET(전체채점!$AW$2,$R$85,INDEX(회차설정!$C$13:$C$27,$S$88),1,INDEX(회차설정!$D$13:$D$27,$S$88)-INDEX(회차설정!$C$13:$C$27,$S$88)+1))) | F98: =IF(OR($S$88="",$D98=0,$D98="",$E98=""),"",$E98/$D98*100) | H98: =IF($F98="","",REPT("■",ROUND($F98/5,0)))
A99: =IF($S$89="","",INDEX(회차설정!$A$13:$A$27,$S$89)) | B99: =IF($S$89="","",INDEX(회차설정!$B$13:$B$27,$S$89)) | D99: =IF($S$89="","",IF($R$86="언어와 매체",SUMPRODUCT((자동계산!$A$4:$A$48>=INDEX(회차설정!$C$13:$C$27,$S$89))*(자동계산!$A$4:$A$48<=INDEX(회차설정!$D$13:$D$27,$S$89))*자동계산!$E$4:$E$48),SUMPRODUCT((자동계산!$A$4:$A$48>=INDEX(회차설정!$C$13:$C$27,$S$89))*(자동계산!$A$4:$A$48<=INDEX(회차설정!$D$13:$D$27,$S$89))*자동계산!$C$4:$C$48))) | E99: =IF(OR($S$89="",$R$85=""),"",SUM(OFFSET(전체채점!$AW$2,$R$85,INDEX(회차설정!$C$13:$C$27,$S$89),1,INDEX(회차설정!$D$13:$D$27,$S$89)-INDEX(회차설정!$C$13:$C$27,$S$89)+1))) | F99: =IF(OR($S$89="",$D99=0,$D99="",$E99=""),"",$E99/$D99*100) | H99: =IF($F99="","",REPT("■",ROUND($F99/5,0)))
A100: =IF($S$90="","",INDEX(회차설정!$A$13:$A$27,$S$90)) | B100: =IF($S$90="","",INDEX(회차설정!$B$13:$B$27,$S$90)) | D100: =IF($S$90="","",IF($R$86="언어와 매체",SUMPRODUCT((자동계산!$A$4:$A$48>=INDEX(회차설정!$C$13:$C$27,$S$90))*(자동계산!$A$4:$A$48<=INDEX(회차설정!$D$13:$D$27,$S$90))*자동계산!$E$4:$E$48),SUMPRODUCT((자동계산!$A$4:$A$48>=INDEX(회차설정!$C$13:$C$27,$S$90))*(자동계산!$A$4:$A$48<=INDEX(회차설정!$D$13:$D$27,$S$90))*자동계산!$C$4:$C$48))) | E100: =IF(OR($S$90="",$R$85=""),"",SUM(OFFSET(전체채점!$AW$2,$R$85,INDEX(회차설정!$C$13:$C$27,$S$90),1,INDEX(회차설정!$D$13:$D$27,$S$90)-INDEX(회차설정!$C$13:$C$27,$S$90)+1))) | F100: =IF(OR($S$90="",$D100=0,$D100="",$E100=""),"",$E100/$D100*100) | H100: =IF($F100="","",REPT("■",ROUND($F100/5,0)))
A101: =IF($S$91="","",INDEX(회차설정!$A$13:$A$27,$S$91)) | B101: =IF($S$91="","",INDEX(회차설정!$B$13:$B$27,$S$91)) | D101: =IF($S$91="","",IF($R$86="언어와 매체",SUMPRODUCT((자동계산!$A$4:$A$48>=INDEX(회차설정!$C$13:$C$27,$S$91))*(자동계산!$A$4:$A$48<=INDEX(회차설정!$D$13:$D$27,$S$91))*자동계산!$E$4:$E$48),SUMPRODUCT((자동계산!$A$4:$A$48>=INDEX(회차설정!$C$13:$C$27,$S$91))*(자동계산!$A$4:$A$48<=INDEX(회차설정!$D$13:$D$27,$S$91))*자동계산!$C$4:$C$48))) | E101: =IF(OR($S$91="",$R$85=""),"",SUM(OFFSET(전체채점!$AW$2,$R$85,INDEX(회차설정!$C$13:$C$27,$S$91),1,INDEX(회차설정!$D$13:$D$27,$S$91)-INDEX(회차설정!$C$13:$C$27,$S$91)+1))) | F101: =IF(OR($S$91="",$D101=0,$D101="",$E101=""),"",$E101/$D101*100) | H101: =IF($F101="","",REPT("■",ROUND($F101/5,0)))
A102: =IF($S$92="","",INDEX(회차설정!$A$13:$A$27,$S$92)) | B102: =IF($S$92="","",INDEX(회차설정!$B$13:$B$27,$S$92)) | D102: =IF($S$92="","",IF($R$86="언어와 매체",SUMPRODUCT((자동계산!$A$4:$A$48>=INDEX(회차설정!$C$13:$C$27,$S$92))*(자동계산!$A$4:$A$48<=INDEX(회차설정!$D$13:$D$27,$S$92))*자동계산!$E$4:$E$48),SUMPRODUCT((자동계산!$A$4:$A$48>=INDEX(회차설정!$C$13:$C$27,$S$92))*(자동계산!$A$4:$A$48<=INDEX(회차설정!$D$13:$D$27,$S$92))*자동계산!$C$4:$C$48))) | E102: =IF(OR($S$92="",$R$85=""),"",SUM(OFFSET(전체채점!$AW$2,$R$85,INDEX(회차설정!$C$13:$C$27,$S$92),1,INDEX(회차설정!$D$13:$D$27,$S$92)-INDEX(회차설정!$C$13:$C$27,$S$92)+1))) | F102: =IF(OR($S$92="",$D102=0,$D102="",$E102=""),"",$E102/$D102*100) | H102: =IF($F102="","",REPT("■",ROUND($F102/5,0)))
A103: =IF($S$93="","",INDEX(회차설정!$A$13:$A$27,$S$93)) | B103: =IF($S$93="","",INDEX(회차설정!$B$13:$B$27,$S$93)) | D103: =IF($S$93="","",IF($R$86="언어와 매체",SUMPRODUCT((자동계산!$A$4:$A$48>=INDEX(회차설정!$C$13:$C$27,$S$93))*(자동계산!$A$4:$A$48<=INDEX(회차설정!$D$13:$D$27,$S$93))*자동계산!$E$4:$E$48),SUMPRODUCT((자동계산!$A$4:$A$48>=INDEX(회차설정!$C$13:$C$27,$S$93))*(자동계산!$A$4:$A$48<=INDEX(회차설정!$D$13:$D$27,$S$93))*자동계산!$C$4:$C$48))) | E103: =IF(OR($S$93="",$R$85=""),"",SUM(OFFSET(전체채점!$AW$2,$R$85,INDEX(회차설정!$C$13:$C$27,$S$93),1,INDEX(회차설정!$D$13:$D$27,$S$93)-INDEX(회차설정!$C$13:$C$27,$S$93)+1))) | F103: =IF(OR($S$93="",$D103=0,$D103="",$E103=""),"",$E103/$D103*100) | H103: =IF($F103="","",REPT("■",ROUND($F103/5,0)))
A104: =IF($S$94="","",INDEX(회차설정!$A$13:$A$27,$S$94)) | B104: =IF($S$94="","",INDEX(회차설정!$B$13:$B$27,$S$94)) | D104: =IF($S$94="","",IF($R$86="언어와 매체",SUMPRODUCT((자동계산!$A$4:$A$48>=INDEX(회차설정!$C$13:$C$27,$S$94))*(자동계산!$A$4:$A$48<=INDEX(회차설정!$D$13:$D$27,$S$94))*자동계산!$E$4:$E$48),SUMPRODUCT((자동계산!$A$4:$A$48>=INDEX(회차설정!$C$13:$C$27,$S$94))*(자동계산!$A$4:$A$48<=INDEX(회차설정!$D$13:$D$27,$S$94))*자동계산!$C$4:$C$48))) | E104: =IF(OR($S$94="",$R$85=""),"",SUM(OFFSET(전체채점!$AW$2,$R$85,INDEX(회차설정!$C$13:$C$27,$S$94),1,INDEX(회차설정!$D$13:$D$27,$S$94)-INDEX(회차설정!$C$13:$C$27,$S$94)+1))) | F104: =IF(OR($S$94="",$D104=0,$D104="",$E104=""),"",$E104/$D104*100) | H104: =IF($F104="","",REPT("■",ROUND($F104/5,0)))
A105: =IF($S$95="","",INDEX(회차설정!$A$13:$A$27,$S$95)) | B105: =IF($S$95="","",INDEX(회차설정!$B$13:$B$27,$S$95)) | D105: =IF($S$95="","",IF($R$86="언어와 매체",SUMPRODUCT((자동계산!$A$4:$A$48>=INDEX(회차설정!$C$13:$C$27,$S$95))*(자동계산!$A$4:$A$48<=INDEX(회차설정!$D$13:$D$27,$S$95))*자동계산!$E$4:$E$48),SUMPRODUCT((자동계산!$A$4:$A$48>=INDEX(회차설정!$C$13:$C$27,$S$95))*(자동계산!$A$4:$A$48<=INDEX(회차설정!$D$13:$D$27,$S$95))*자동계산!$C$4:$C$48))) | E105: =IF(OR($S$95="",$R$85=""),"",SUM(OFFSET(전체채점!$AW$2,$R$85,INDEX(회차설정!$C$13:$C$27,$S$95),1,INDEX(회차설정!$D$13:$D$27,$S$95)-INDEX(회차설정!$C$13:$C$27,$S$95)+1))) | F105: =IF(OR($S$95="",$D105=0,$D105="",$E105=""),"",$E105/$D105*100) | H105: =IF($F105="","",REPT("■",ROUND($F105/5,0)))
A106: =IF($S$96="","",INDEX(회차설정!$A$13:$A$27,$S$96)) | B106: =IF($S$96="","",INDEX(회차설정!$B$13:$B$27,$S$96)) | D106: =IF($S$96="","",IF($R$86="언어와 매체",SUMPRODUCT((자동계산!$A$4:$A$48>=INDEX(회차설정!$C$13:$C$27,$S$96))*(자동계산!$A$4:$A$48<=INDEX(회차설정!$D$13:$D$27,$S$96))*자동계산!$E$4:$E$48),SUMPRODUCT((자동계산!$A$4:$A$48>=INDEX(회차설정!$C$13:$C$27,$S$96))*(자동계산!$A$4:$A$48<=INDEX(회차설정!$D$13:$D$27,$S$96))*자동계산!$C$4:$C$48))) | E106: =IF(OR($S$96="",$R$85=""),"",SUM(OFFSET(전체채점!$AW$2,$R$85,INDEX(회차설정!$C$13:$C$27,$S$96),1,INDEX(회차설정!$D$13:$D$27,$S$96)-INDEX(회차설정!$C$13:$C$27,$S$96)+1))) | F106: =IF(OR($S$96="",$D106=0,$D106="",$E106=""),"",$E106/$D106*100) | H106: =IF($F106="","",REPT("■",ROUND($F106/5,0)))
A107: =IF($R$85="","","합계") | D107: =IF($R$85="","",SUM(D95:D106)) | E107: =IF($R$85="","",SUM(E95:E106)) | F107: =IF(OR($D107=0,$D107=""),"",$E107/$D107*100) | H107: =IF($F107="","",REPT("■",ROUND($F107/5,0)))
A109: 4. 문항 채점표
A110: 문항 번호 | B110: 1 | C110: 2 | D110: 3 | E110: 4 | F110: 5 | G110: 6 | H110: 7 | I110: 8 | J110: 9 | K110: 10 | L110: 11 | M110: 12 | N110: 13 | O110: 14 | P110: 15
...

Sheet 분석
A1: 반 전체 분석
A3: ■ 요약
A4: 응시 인원 | C4: =COUNT(전체채점!$C$3:$C$62)
A5: 평균 점수 | C5: =IFERROR(AVERAGE(전체채점!$C$3:$C$62),"")
A6: 최고 점수 | C6: =IFERROR(MAX(전체채점!$C$3:$C$62),"")
A7: 최저 점수 | C7: =IFERROR(MIN(전체채점!$C$3:$C$62),"")
A8: 화법과 작문 평균 | C8: =IFERROR(AVERAGEIF(전체채점!$B$3:$B$62,"화법과 작문",전체채점!$C$3:$C$62),"")
A9: 언어와 매체 평균 | C9: =IFERROR(AVERAGEIF(전체채점!$B$3:$B$62,"언어와 매체",전체채점!$C$3:$C$62),"")
A10: 성적표(전원) 인쇄 쪽수 | C10: =COUNT(전체채점!$C$3:$C$62)
A12: ■ 등급 분포
A13: 1등급 | B13: 2등급 | C13: 3등급 | D13: 4등급 | E13: 등급 외
A14: =COUNTIF(전체채점!$D$3:$D$62,"1등급") | B14: =COUNTIF(전체채점!$D$3:$D$62,"2등급") | C14: =COUNTIF(전체채점!$D$3:$D$62,"3등급") | D14: =COUNTIF(전체채점!$D$3:$D$62,"4등급") | E14: =COUNTIF(전체채점!$D$3:$D$62,"등급 외")
A15: ■ 공통과목 영역별 반 평균 성취도
A16: 분류 | B16: 영역 | C16: 문항 | D16: 배점 | E16: 반 평균 득점 | F16: 평균 성취도(%) | G16: 막대
A17: =IF($H17="","",IF(INDEX(회차설정!$E$13:$E$27,$H17)<>"공통","",INDEX(회차설정!$A$13:$A$27,$H17))) | B17: =IF($H17="","",IF(INDEX(회차설정!$E$13:$E$27,$H17)<>"공통","",INDEX(회차설정!$B$13:$B$27,$H17))) | C17: =IF($H17="","",IF(INDEX(회차설정!$E$13:$E$27,$H17)<>"공통","",INDEX(회차설정!$C$13:$C$27,$H17)&"~"&INDEX(회차설정!$D$13:$D$27,$H17))) | D17: =IF($A17="","",SUMPRODUCT((자동계산!$A$4:$A$48>=INDEX(회차설정!$C$13:$C$27,$H17))*(자동계산!$A$4:$A$48<=INDEX(회차설정!$D$13:$D$27,$H17))*자동계산!$C$4:$C$48)) | E17: =IF(OR($A17="",$C$4=0),"",SUM(OFFSET(전체채점!$AW$2,1,INDEX(회차설정!$C$13:$C$27,$H17),60,INDEX(회차설정!$D$13:$D$27,$H17)-INDEX(회차설정!$C$13:$C$27,$H17)+1))/$C$4) | F17: =IF(OR($A17="",$D17=0,$D17=""),"",$E17/$D17*100) | G17: =IF($F17="","",REPT("■",ROUND($F17/5,0))) | H17: =IFERROR(MATCH(1,회차설정!$F$13:$F$27,0),"")
A18: =IF($H18="","",IF(INDEX(회차설정!$E$13:$E$27,$H18)<>"공통","",INDEX(회차설정!$A$13:$A$27,$H18))) | B18: =IF($H18="","",IF(INDEX(회차설정!$E$13:$E$27,$H18)<>"공통","",INDEX(회차설정!$B$13:$B$27,$H18))) | C18: =IF($H18="","",IF(INDEX(회차설정!$E$13:$E$27,$H18)<>"공통","",INDEX(회차설정!$C$13:$C$27,$H18)&"~"&INDEX(회차설정!$D$13:$D$27,$H18))) | D18: =IF($A18="","",SUMPRODUCT((자동계산!$A$4:$A$48>=INDEX(회차설정!$C$13:$C$27,$H18))*(자동계산!$A$4:$A$48<=INDEX(회차설정!$D$13:$D$27,$H18))*자동계산!$C$4:$C$48)) | E18: =IF(OR($A18="",$C$4=0),"",SUM(OFFSET(전체채점!$AW$2,1,INDEX(회차설정!$C$13:$C$27,$H18),60,INDEX(회차설정!$D$13:$D$27,$H18)-INDEX(회차설정!$C$13:$C$27,$H18)+1))/$C$4) | F18: =IF(OR($A18="",$D18=0,$D18=""),"",$E18/$D18*100) | G18: =IF($F18="","",REPT("■",ROUND($F18/5,0))) | H18: =IFERROR(MATCH(2,회차설정!$F$13:$F$27,0),"")
A19: =IF($H19="","",IF(INDEX(회차설정!$E$13:$E$27,$H19)<>"공통","",INDEX(회차설정!$A$13:$A$27,$H19))) | B19: =IF($H19="","",IF(INDEX(회차설정!$E$13:$E$27,$H19)<>"공통","",INDEX(회차설정!$B$13:$B$27,$H19))) | C19: =IF($H19="","",IF(INDEX(회차설정!$E$13:$E$27,$H19)<>"공통","",INDEX(회차설정!$C$13:$C$27,$H19)&"~"&INDEX(회차설정!$D$13:$D$27,$H19))) | D19: =IF($A19="","",SUMPRODUCT((자동계산!$A$4:$A$48>=INDEX(회차설정!$C$13:$C$27,$H19))*(자동계산!$A$4:$A$48<=INDEX(회차설정!$D$13:$D$27,$H19))*자동계산!$C$4:$C$48)) | E19: =IF(OR($A19="",$C$4=0),"",SUM(OFFSET(전체채점!$AW$2,1,INDEX(회차설정!$C$13:$C$27,$H19),60,INDEX(회차설정!$D$13:$D$27,$H19)-INDEX(회차설정!$C$13:$C$27,$H19)+1))/$C$4) | F19: =IF(OR($A19="",$D19=0,$D19=""),"",$E19/$D19*100) | G19: =IF($F19="","",REPT("■",ROUND($F19/5,0))) | H19: =IFERROR(MATCH(3,회차설정!$F$13:$F$27,0),"")
A20: =IF($H20="","",IF(INDEX(회차설정!$E$13:$E$27,$H20)<>"공통","",INDEX(회차설정!$A$13:$A$27,$H20))) | B20: =IF($H20="","",IF(INDEX(회차설정!$E$13:$E$27,$H20)<>"공통","",INDEX(회차설정!$B$13:$B$27,$H20))) | C20: =IF($H20="","",IF(INDEX(회차설정!$E$13:$E$27,$H20)<>"공통","",INDEX(회차설정!$C$13:$C$27,$H20)&"~"&INDEX(회차설정!$D$13:$D$27,$H20))) | D20: =IF($A20="","",SUMPRODUCT((자동계산!$A$4:$A$48>=INDEX(회차설정!$C$13:$C$27,$H20))*(자동계산!$A$4:$A$48<=INDEX(회차설정!$D$13:$D$27,$H20))*자동계산!$C$4:$C$48)) | E20: =IF(OR($A20="",$C$4=0),"",SUM(OFFSET(전체채점!$AW$2,1,INDEX(회차설정!$C$13:$C$27,$H20),60,INDEX(회차설정!$D$13:$D$27,$H20)-INDEX(회차설정!$C$13:$C$27,$H20)+1))/$C$4) | F20: =IF(OR($A20="",$D20=0,$D20=""),"",$E20/$D20*100) | G20: =IF($F20="","",REPT("■",ROUND($F20/5,0))) | H20: =IFERROR(MATCH(4,회차설정!$F$13:$F$27,0),"")
A21: =IF($H21="","",IF(INDEX(회차설정!$E$13:$E$27,$H21)<>"공통","",INDEX(회차설정!$A$13:$A$27,$H21))) | B21: =IF($H21="","",IF(INDEX(회차설정!$E$13:$E$27,$H21)<>"공통","",INDEX(회차설정!$B$13:$B$27,$H21))) | C21: =IF($H21="","",IF(INDEX(회차설정!$E$13:$E$27,$H21)<>"공통","",INDEX(회차설정!$C$13:$C$27,$H21)&"~"&INDEX(회차설정!$D$13:$D$27,$H21))) | D21: =IF($A21="","",SUMPRODUCT((자동계산!$A$4:$A$48>=INDEX(회차설정!$C$13:$C$27,$H21))*(자동계산!$A$4:$A$48<=INDEX(회차설정!$D$13:$D$27,$H21))*자동계산!$C$4:$C$48)) | E21: =IF(OR($A21="",$C$4=0),"",SUM(OFFSET(전체채점!$AW$2,1,INDEX(회차설정!$C$13:$C$27,$H21),60,INDEX(회차설정!$D$13:$D$27,$H21)-INDEX(회차설정!$C$13:$C$27,$H21)+1))/$C$4) | F21: =IF(OR($A21="",$D21=0,$D21=""),"",$E21/$D21*100) | G21: =IF($F21="","",REPT("■",ROUND($F21/5,0))) | H21: =IFERROR(MATCH(5,회차설정!$F$13:$F$27,0),"")
A22: =IF($H22="","",IF(INDEX(회차설정!$E$13:$E$27,$H22)<>"공통","",INDEX(회차설정!$A$13:$A$27,$H22))) | B22: =IF($H22="","",IF(INDEX(회차설정!$E$13:$E$27,$H22)<>"공통","",INDEX(회차설정!$B$13:$B$27,$H22))) | C22: =IF($H22="","",IF(INDEX(회차설정!$E$13:$E$27,$H22)<>"공통","",INDEX(회차설정!$C$13:$C$27,$H22)&"~"&INDEX(회차설정!$D$13:$D$27,$H22))) | D22: =IF($A22="","",SUMPRODUCT((자동계산!$A$4:$A$48>=INDEX(회차설정!$C$13:$C$27,$H22))*(자동계산!$A$4:$A$48<=INDEX(회차설정!$D$13:$D$27,$H22))*자동계산!$C$4:$C$48)) | E22: =IF(OR($A22="",$C$4=0),"",SUM(OFFSET(전체채점!$AW$2,1,INDEX(회차설정!$C$13:$C$27,$H22),60,INDEX(회차설정!$D$13:$D$27,$H22)-INDEX(회차설정!$C$13:$C$27,$H22)+1))/$C$4) | F22: =IF(OR($A22="",$D22=0,$D22=""),"",$E22/$D22*100) | G22: =IF($F22="","",REPT("■",ROUND($F22/5,0))) | H22: =IFERROR(MATCH(6,회차설정!$F$13:$F$27,0),"")
A23: =IF($H23="","",IF(INDEX(회차설정!$E$13:$E$27,$H23)<>"공통","",INDEX(회차설정!$A$13:$A$27,$H23))) | B23: =IF($H23="","",IF(INDEX(회차설정!$E$13:$E$27,$H23)<>"공통","",INDEX(회차설정!$B$13:$B$27,$H23))) | C23: =IF($H23="","",IF(INDEX(회차설정!$E$13:$E$27,$H23)<>"공통","",INDEX(회차설정!$C$13:$C$27,$H23)&"~"&INDEX(회차설정!$D$13:$D$27,$H23))) | D23: =IF($A23="","",SUMPRODUCT((자동계산!$A$4:$A$48>=INDEX(회차설정!$C$13:$C$27,$H23))*(자동계산!$A$4:$A$48<=INDEX(회차설정!$D$13:$D$27,$H23))*자동계산!$C$4:$C$48)) | E23: =IF(OR($A23="",$C$4=0),"",SUM(OFFSET(전체채점!$AW$2,1,INDEX(회차설정!$C$13:$C$27,$H23),60,INDEX(회차설정!$D$13:$D$27,$H23)-INDEX(회차설정!$C$13:$C$27,$H23)+1))/$C$4) | F23: =IF(OR($A23="",$D23=0,$D23=""),"",$E23/$D23*100) | G23: =IF($F23="","",REPT("■",ROUND($F23/5,0))) | H23: =IFERROR(MATCH(7,회차설정!$F$13:$F$27,0),"")
A24: =IF($H24="","",IF(INDEX(회차설정!$E$13:$E$27,$H24)<>"공통","",INDEX(회차설정!$A$13:$A$27,$H24))) | B24: =IF($H24="","",IF(INDEX(회차설정!$E$13:$E$27,$H24)<>"공통","",INDEX(회차설정!$B$13:$B$27,$H24))) | C24: =IF($H24="","",IF(INDEX(회차설정!$E$13:$E$27,$H24)<>"공통","",INDEX(회차설정!$C$13:$C$27,$H24)&"~"&INDEX(회차설정!$D$13:$D$27,$H24))) | D24: =IF($A24="","",SUMPRODUCT((자동계산!$A$4:$A$48>=INDEX(회차설정!$C$13:$C$27,$H24))*(자동계산!$A$4:$A$48<=INDEX(회차설정!$D$13:$D$27,$H24))*자동계산!$C$4:$C$48)) | E24: =IF(OR($A24="",$C$4=0),"",SUM(OFFSET(전체채점!$AW$2,1,INDEX(회차설정!$C$13:$C$27,$H24),60,INDEX(회차설정!$D$13:$D$27,$H24)-INDEX(회차설정!$C$13:$C$27,$H24)+1))/$C$4) | F24: =IF(OR($A24="",$D24=0,$D24=""),"",$E24/$D24*100) | G24: =IF($F24="","",REPT("■",ROUND($F24/5,0))) | H24: =IFERROR(MATCH(8,회차설정!$F$13:$F$27,0),"")
A26: ■ 문항별 정답률 (낮은 문항이 많이 틀린 문항입니다)
A27: 번호 | B27: 전체 정답률(%) | C27: 화법과 작문(%) | D27: 언어와 매체(%) | G27: 막대
A28: 1 | B28: =IFERROR(COUNTIF(전체채점!AX$3:AX$62,">0")/$C$4*100,"") | C28: - | D28: - | G28: =IF($B28="","",REPT("■",ROUND($B28/5,0)))
A29: 2 | B29: =IFERROR(COUNTIF(전체채점!AY$3:AY$62,">0")/$C$4*100,"") | C29: - | D29: - | G29: =IF($B29="","",REPT("■",ROUND($B29/5,0)))
A30: 3 | B30: =IFERROR(COUNTIF(전체채점!AZ$3:AZ$62,">0")/$C$4*100,"") | C30: - | D30: - | G30: =IF($B30="","",REPT("■",ROUND($B30/5,0)))
A31: 4 | B31: =IFERROR(COUNTIF(전체채점!BA$3:BA$62,">0")/$C$4*100,"") | C31: - | D31: - | G31: =IF($B31="","",REPT("■",ROUND($B31/5,0)))
A32: 5 | B32: =IFERROR(COUNTIF(전체채점!BB$3:BB$62,">0")/$C$4*100,"") | C32: - | D32: - | G32: =IF($B32="","",REPT("■",ROUND($B32/5,0)))
A33: 6 | B33: =IFERROR(COUNTIF(전체채점!BC$3:BC$62,">0")/$C$4*100,"") | C33: - | D33: - | G33: =IF($B33="","",REPT("■",ROUND($B33/5,0)))
A34: 7 | B34: =IFERROR(COUNTIF(전체채점!BD$3:BD$62,">0")/$C$4*100,"") | C34: - | D34: - | G34: =IF($B34="","",REPT("■",ROUND($B34/5,0)))
A35: 8 | B35: =IFERROR(COUNTIF(전체채점!BE$3:BE$62,">0")/$C$4*100,"") | C35: - | D35: - | G35: =IF($B35="","",REPT("■",ROUND($B35/5,0)))
A36: 9 | B36: =IFERROR(COUNTIF(전체채점!BF$3:BF$62,">0")/$C$4*100,"") | C36: - | D36: - | G36: =IF($B36="","",REPT("■",ROUND($B36/5,0)))
A37: 10 | B37: =IFERROR(COUNTIF(전체채점!BG$3:BG$62,">0")/$C$4*100,"") | C37: - | D37: - | G37: =IF($B37="","",REPT("■",ROUND($B37/5,0)))
A38: 11 | B38: =IFERROR(COUNTIF(전체채점!BH$3:BH$62,">0")/$C$4*100,"") | C38: - | D38: - | G38: =IF($B38="","",REPT("■",ROUND($B38/5,0)))
A39: 12 | B39: =IFERROR(COUNTIF(전체채점!BI$3:BI$62,">0")/$C$4*100,"") | C39: - | D39: - | G39: =IF($B39="","",REPT("■",ROUND($B39/5,0)))
A40: 13 | B40: =IFERROR(COUNTIF(전체채점!BJ$3:BJ$62,">0")/$C$4*100,"") | C40: - | D40: - | G40: =IF($B40="","",REPT("■",ROUND($B40/5,0)))
A41: 14 | B41: =IFERROR(COUNTIF(전체채점!BK$3:BK$62,">0")/$C$4*100,"") | C41: - | D41: - | G41: =IF($B41="","",REPT("■",ROUND($B41/5,0)))
A42: 15 | B42: =IFERROR(COUNTIF(전체채점!BL$3:BL$62,">0")/$C$4*100,"") | C42: - | D42: - | G42: =IF($B42="","",REPT("■",ROUND($B42/5,0)))
A43: 16 | B43: =IFERROR(COUNTIF(전체채점!BM$3:BM$62,">0")/$C$4*100,"") | C43: - | D43: - | G43: =IF($B43="","",REPT("■",ROUND($B43/5,0)))
A44: 17 | B44: =IFERROR(COUNTIF(전체채점!BN$3:BN$62,">0")/$C$4*100,"") | C44: - | D44: - | G44: =IF($B44="","",REPT("■",ROUND($B44/5,0)))
A45: 18 | B45: =IFERROR(COUNTIF(전체채점!BO$3:BO$62,">0")/$C$4*100,"") | C45: - | D45: - | G45: =IF($B45="","",REPT("■",ROUND($B45/5,0)))
A46: 19 | B46: =IFERROR(COUNTIF(전체채점!BP$3:BP$62,">0")/$C$4*100,"") | C46: - | D46: - | G46: =IF($B46="","",REPT("■",ROUND($B46/5,0)))
A47: 20 | B47: =IFERROR(COUNTIF(전체채점!BQ$3:BQ$62,">0")/$C$4*100,"") | C47: - | D47: - | G47: =IF($B47="","",REPT("■",ROUND($B47/5,0)))
A48: 21 | B48: =IFERROR(COUNTIF(전체채점!BR$3:BR$62,">0")/$C$4*100,"") | C48: - | D48: - | G48: =IF($B48="","",REPT("■",ROUND($B48/5,0)))
A49: 22 | B49: =IFERROR(COUNTIF(전체채점!BS$3:BS$62,">0")/$C$4*100,"") | C49: - | D49: - | G49: =IF($B49="","",REPT("■",ROUND($B49/5,0)))
A50: 23 | B50: =IFERROR(COUNTIF(전체채점!BT$3:BT$62,">0")/$C$4*100,"") | C50: - | D50: - | G50: =IF($B50="","",REPT("■",ROUND($B50/5,0)))
A51: 24 | B51: =IFERROR(COUNTIF(전체채점!BU$3:BU$62,">0")/$C$4*100,"") | C51: - | D51: - | G51: =IF($B51="","",REPT("■",ROUND($B51/5,0)))
A52: 25 | B52: =IFERROR(COUNTIF(전체채점!BV$3:BV$62,">0")/$C$4*100,"") | C52: - | D52: - | G52: =IF($B52="","",REPT("■",ROUND($B52/5,0)))
A53: 26 | B53: =IFERROR(COUNTIF(전체채점!BW$3:BW$62,">0")/$C$4*100,"") | C53: - | D53: - | G53: =IF($B53="","",REPT("■",ROUND($B53/5,0)))
A54: 27 | B54: =IFERROR(COUNTIF(전체채점!BX$3:BX$62,">0")/$C$4*100,"") | C54: - | D54: - | G54: =IF($B54="","",REPT("■",ROUND($B54/5,0)))
A55: 28 | B55: =IFERROR(COUNTIF(전체채점!BY$3:BY$62,">0")/$C$4*100,"") | C55: - | D55: - | G55: =IF($B55="","",REPT("■",ROUND($B55/5,0)))
A56: 29 | B56: =IFERROR(COUNTIF(전체채점!BZ$3:BZ$62,">0")/$C$4*100,"") | C56: - | D56: - | G56: =IF($B56="","",REPT("■",ROUND($B56/5,0)))
A57: 30 | B57: =IFERROR(COUNTIF(전체채점!CA$3:CA$62,">0")/$C$4*100,"") | C57: - | D57: - | G57: =IF($B57="","",REPT("■",ROUND($B57/5,0)))
A58: 31 | B58: =IFERROR(COUNTIF(전체채점!CB$3:CB$62,">0")/$C$4*100,"") | C58: - | D58: - | G58: =IF($B58="","",REPT("■",ROUND($B58/5,0)))
A59: 32 | B59: =IFERROR(COUNTIF(전체채점!CC$3:CC$62,">0")/$C$4*100,"") | C59: - | D59: - | G59: =IF($B59="","",REPT("■",ROUND($B59/5,0)))
A60: 33 | B60: =IFERROR(COUNTIF(전체채점!CD$3:CD$62,">0")/$C$4*100,"") | C60: - | D60: - | G60: =IF($B60="","",REPT("■",ROUND($B60/5,0)))
A61: 34 | B61: =IFERROR(COUNTIF(전체채점!CE$3:CE$62,">0")/$C$4*100,"") | C61: - | D61: - | G61: =IF($B61="","",REPT("■",ROUND($B61/5,0)))
A62: 35 | B62: =IFERROR(COUNTIF(전체채점!CF$3:CF$62,">0")/$C$4*100,"") | C62: =IFERROR(COUNTIFS(전체채점!$B$3:$B$62,"화법과 작문",전체채점!CF$3:CF$62,">0")/COUNTIF(전체채점!$B$3:$B$62,"화법과 작문")*100,"") | D62: =IFERROR(COUNTIFS(전체채점!$B$3:$B$62,"언어와 매체",전체채점!CF$3:CF$62,">0")/COUNTIF(전체채점!$B$3:$B$62,"언어와 매체")*100,"") | G62: =IF($B62="","",REPT("■",ROUND($B62/5,0)))
A63: 36 | B63: =IFERROR(COUNTIF(전체채점!CG$3:CG$62,">0")/$C$4*100,"") | C63: =IFERROR(COUNTIFS(전체채점!$B$3:$B$62,"화법과 작문",전체채점!CG$3:CG$62,">0")/COUNTIF(전체채점!$B$3:$B$62,"화법과 작문")*100,"") | D63: =IFERROR(COUNTIFS(전체채점!$B$3:$B$62,"언어와 매체",전체채점!CG$3:CG$62,">0")/COUNTIF(전체채점!$B$3:$B$62,"언어와 매체")*100,"") | G63: =IF($B63="","",REPT("■",ROUND($B63/5,0)))
A64: 37 | B64: =IFERROR(COUNTIF(전체채점!CH$3:CH$62,">0")/$C$4*100,"") | C64: =IFERROR(COUNTIFS(전체채점!$B$3:$B$62,"화법과 작문",전체채점!CH$3:CH$62,">0")/COUNTIF(전체채점!$B$3:$B$62,"화법과 작문")*100,"") | D64: =IFERROR(COUNTIFS(전체채점!$B$3:$B$62,"언어와 매체",전체채점!CH$3:CH$62,">0")/COUNTIF(전체채점!$B$3:$B$62,"언어와 매체")*100,"") | G64: =IF($B64="","",REPT("■",ROUND($B64/5,0)))
A65: 38 | B65: =IFERROR(COUNTIF(전체채점!CI$3:CI$62,">0")/$C$4*100,"") | C65: =IFERROR(COUNTIFS(전체채점!$B$3:$B$62,"화법과 작문",전체채점!CI$3:CI$62,">0")/COUNTIF(전체채점!$B$3:$B$62,"화법과 작문")*100,"") | D65: =IFERROR(COUNTIFS(전체채점!$B$3:$B$62,"언어와 매체",전체채점!CI$3:CI$62,">0")/COUNTIF(전체채점!$B$3:$B$62,"언어와 매체")*100,"") | G65: =IF($B65="","",REPT("■",ROUND($B65/5,0)))
A66: 39 | B66: =IFERROR(COUNTIF(전체채점!CJ$3:CJ$62,">0")/$C$4*100,"") | C66: =IFERROR(COUNTIFS(전체채점!$B$3:$B$62,"화법과 작문",전체채점!CJ$3:CJ$62,">0")/COUNTIF(전체채점!$B$3:$B$62,"화법과 작문")*100,"") | D66: =IFERROR(COUNTIFS(전체채점!$B$3:$B$62,"언어와 매체",전체채점!CJ$3:CJ$62,">0")/COUNTIF(전체채점!$B$3:$B$62,"언어와 매체")*100,"") | G66: =IF($B66="","",REPT("■",ROUND($B66/5,0)))
A67: 40 | B67: =IFERROR(COUNTIF(전체채점!CK$3:CK$62,">0")/$C$4*100,"") | C67: =IFERROR(COUNTIFS(전체채점!$B$3:$B$62,"화법과 작문",전체채점!CK$3:CK$62,">0")/COUNTIF(전체채점!$B$3:$B$62,"화법과 작문")*100,"") | D67: =IFERROR(COUNTIFS(전체채점!$B$3:$B$62,"언어와 매체",전체채점!CK$3:CK$62,">0")/COUNTIF(전체채점!$B$3:$B$62,"언어와 매체")*100,"") | G67: =IF($B67="","",REPT("■",ROUND($B67/5,0)))
A68: 41 | B68: =IFERROR(COUNTIF(전체채점!CL$3:CL$62,">0")/$C$4*100,"") | C68: =IFERROR(COUNTIFS(전체채점!$B$3:$B$62,"화법과 작문",전체채점!CL$3:CL$62,">0")/COUNTIF(전체채점!$B$3:$B$62,"화법과 작문")*100,"") | D68: =IFERROR(COUNTIFS(전체채점!$B$3:$B$62,"언어와 매체",전체채점!CL$3:CL$62,">0")/COUNTIF(전체채점!$B$3:$B$62,"언어와 매체")*100,"") | G68: =IF($B68="","",REPT("■",ROUND($B68/5,0)))
A69: 42 | B69: =IFERROR(COUNTIF(전체채점!CM$3:CM$62,">0")/$C$4*100,"") | C69: =IFERROR(COUNTIFS(전체채점!$B$3:$B$62,"화법과 작문",전체채점!CM$3:CM$62,">0")/COUNTIF(전체채점!$B$3:$B$62,"화법과 작문")*100,"") | D69: =IFERROR(COUNTIFS(전체채점!$B$3:$B$62,"언어와 매체",전체채점!CM$3:CM$62,">0")/COUNTIF(전체채점!$B$3:$B$62,"언어와 매체")*100,"") | G69: =IF($B69="","",REPT("■",ROUND($B69/5,0)))
A70: 43 | B70: =IFERROR(COUNTIF(전체채점!CN$3:CN$62,">0")/$C$4*100,"") | C70: =IFERROR(COUNTIFS(전체채점!$B$3:$B$62,"화법과 작문",전체채점!CN$3:CN$62,">0")/COUNTIF(전체채점!$B$3:$B$62,"화법과 작문")*100,"") | D70: =IFERROR(COUNTIFS(전체채점!$B$3:$B$62,"언어와 매체",전체채점!CN$3:CN$62,">0")/COUNTIF(전체채점!$B$3:$B$62,"언어와 매체")*100,"") | G70: =IF($B70="","",REPT("■",ROUND($B70/5,0)))
A71: 44 | B71: =IFERROR(COUNTIF(전체채점!CO$3:CO$62,">0")/$C$4*100,"") | C71: =IFERROR(COUNTIFS(전체채점!$B$3:$B$62,"화법과 작문",전체채점!CO$3:CO$62,">0")/COUNTIF(전체채점!$B$3:$B$62,"화법과 작문")*100,"") | D71: =IFERROR(COUNTIFS(전체채점!$B$3:$B$62,"언어와 매체",전체채점!CO$3:CO$62,">0")/COUNTIF(전체채점!$B$3:$B$62,"언어와 매체")*100,"") | G71: =IF($B71="","",REPT("■",ROUND($B71/5,0)))
A72: 45 | B72: =IFERROR(COUNTIF(전체채점!CP$3:CP$62,">0")/$C$4*100,"") | C72: =IFERROR(COUNTIFS(전체채점!$B$3:$B$62,"화법과 작문",전체채점!CP$3:CP$62,">0")/COUNTIF(전체채점!$B$3:$B$62,"화법과 작문")*100,"") | D72: =IFERROR(COUNTIFS(전체채점!$B$3:$B$62,"언어와 매체",전체채점!CP$3:CP$62,">0")/COUNTIF(전체채점!$B$3:$B$62,"언어와 매체")*100,"") | G72: =IF($B72="","",REPT("■",ROUND($B72/5,0)))

Sheet 자동계산
A1: 자동 계산용 시트입니다. 고치지 마세요.
A2: 회차설정 시트의 값을 문항 순서대로 모아 둔 표입니다.
A3: 번호 | B3: 정답(화작) | C3: 배점(화작) | D3: 정답(언매) | E3: 배점(언매) | F3: 덮음(화작) | G3: 덮음(언매)
A4: 1 | B4: =회차설정!$B$32 | C4: =회차설정!$C$32 | D4: =회차설정!$B$32 | E4: =회차설정!$C$32 | F4: =SUMPRODUCT(((회차설정!$E$13:$E$27="공통")+(회차설정!$E$13:$E$27="화법과 작문"))*(회차설정!$C$13:$C$27<=$A4)*(회차설정!$D$13:$D$27>=$A4)) | G4: =SUMPRODUCT(((회차설정!$E$13:$E$27="공통")+(회차설정!$E$13:$E$27="언어와 매체"))*(회차설정!$C$13:$C$27<=$A4)*(회차설정!$D$13:$D$27>=$A4))
A5: 2 | B5: =회차설정!$B$33 | C5: =회차설정!$C$33 | D5: =회차설정!$B$33 | E5: =회차설정!$C$33 | F5: =SUMPRODUCT(((회차설정!$E$13:$E$27="공통")+(회차설정!$E$13:$E$27="화법과 작문"))*(회차설정!$C$13:$C$27<=$A5)*(회차설정!$D$13:$D$27>=$A5)) | G5: =SUMPRODUCT(((회차설정!$E$13:$E$27="공통")+(회차설정!$E$13:$E$27="언어와 매체"))*(회차설정!$C$13:$C$27<=$A5)*(회차설정!$D$13:$D$27>=$A5))
A6: 3 | B6: =회차설정!$B$34 | C6: =회차설정!$C$34 | D6: =회차설정!$B$34 | E6: =회차설정!$C$34 | F6: =SUMPRODUCT(((회차설정!$E$13:$E$27="공통")+(회차설정!$E$13:$E$27="화법과 작문"))*(회차설정!$C$13:$C$27<=$A6)*(회차설정!$D$13:$D$27>=$A6)) | G6: =SUMPRODUCT(((회차설정!$E$13:$E$27="공통")+(회차설정!$E$13:$E$27="언어와 매체"))*(회차설정!$C$13:$C$27<=$A6)*(회차설정!$D$13:$D$27>=$A6))
A7: 4 | B7: =회차설정!$B$35 | C7: =회차설정!$C$35 | D7: =회차설정!$B$35 | E7: =회차설정!$C$35 | F7: =SUMPRODUCT(((회차설정!$E$13:$E$27="공통")+(회차설정!$E$13:$E$27="화법과 작문"))*(회차설정!$C$13:$C$27<=$A7)*(회차설정!$D$13:$D$27>=$A7)) | G7: =SUMPRODUCT(((회차설정!$E$13:$E$27="공통")+(회차설정!$E$13:$E$27="언어와 매체"))*(회차설정!$C$13:$C$27<=$A7)*(회차설정!$D$13:$D$27>=$A7))
A8: 5 | B8: =회차설정!$B$36 | C8: =회차설정!$C$36 | D8: =회차설정!$B$36 | E8: =회차설정!$C$36 | F8: =SUMPRODUCT(((회차설정!$E$13:$E$27="공통")+(회차설정!$E$13:$E$27="화법과 작문"))*(회차설정!$C$13:$C$27<=$A8)*(회차설정!$D$13:$D$27>=$A8)) | G8: =SUMPRODUCT(((회차설정!$E$13:$E$27="공통")+(회차설정!$E$13:$E$27="언어와 매체"))*(회차설정!$C$13:$C$27<=$A8)*(회차설정!$D$13:$D$27>=$A8))
A9: 6 | B9: =회차설정!$B$37 | C9: =회차설정!$C$37 | D9: =회차설정!$B$37 | E9: =회차설정!$C$37 | F9: =SUMPRODUCT(((회차설정!$E$13:$E$27="공통")+(회차설정!$E$13:$E$27="화법과 작문"))*(회차설정!$C$13:$C$27<=$A9)*(회차설정!$D$13:$D$27>=$A9)) | G9: =SUMPRODUCT(((회차설정!$E$13:$E$27="공통")+(회차설정!$E$13:$E$27="언어와 매체"))*(회차설정!$C$13:$C$27<=$A9)*(회차설정!$D$13:$D$27>=$A9))
A10: 7 | B10: =회차설정!$B$38 | C10: =회차설정!$C$38 | D10: =회차설정!$B$38 | E10: =회차설정!$C$38 | F10: =SUMPRODUCT(((회차설정!$E$13:$E$27="공통")+(회차설정!$E$13:$E$27="화법과 작문"))*(회차설정!$C$13:$C$27<=$A10)*(회차설정!$D$13:$D$27>=$A10)) | G10: =SUMPRODUCT(((회차설정!$E$13:$E$27="공통")+(회차설정!$E$13:$E$27="언어와 매체"))*(회차설정!$C$13:$C$27<=$A10)*(회차설정!$D$13:$D$27>=$A10))
A11: 8 | B11: =회차설정!$B$39 | C11: =회차설정!$C$39 | D11: =회차설정!$B$39 | E11: =회차설정!$C$39 | F11: =SUMPRODUCT(((회차설정!$E$13:$E$27="공통")+(회차설정!$E$13:$E$27="화법과 작문"))*(회차설정!$C$13:$C$27<=$A11)*(회차설정!$D$13:$D$27>=$A11)) | G11: =SUMPRODUCT(((회차설정!$E$13:$E$27="공통")+(회차설정!$E$13:$E$27="언어와 매체"))*(회차설정!$C$13:$C$27<=$A11)*(회차설정!$D$13:$D$27>=$A11))
A12: 9 | B12: =회차설정!$B$40 | C12: =회차설정!$C$40 | D12: =회차설정!$B$40 | E12: =회차설정!$C$40 | F12: =SUMPRODUCT(((회차설정!$E$13:$E$27="공통")+(회차설정!$E$13:$E$27="화법과 작문"))*(회차설정!$C$13:$C$27<=$A12)*(회차설정!$D$13:$D$27>=$A12)) | G12: =SUMPRODUCT(((회차설정!$E$13:$E$27="공통")+(회차설정!$E$13:$E$27="언어와 매체"))*(회차설정!$C$13:$C$27<=$A12)*(회차설정!$D$13:$D$27>=$A12))
A13: 10 | B13: =회차설정!$B$41 | C13: =회차설정!$C$41 | D13: =회차설정!$B$41 | E13: =회차설정!$C$41 | F13: =SUMPRODUCT(((회차설정!$E$13:$E$27="공통")+(회차설정!$E$13:$E$27="화법과 작문"))*(회차설정!$C$13:$C$27<=$A13)*(회차설정!$D$13:$D$27>=$A13)) | G13: =SUMPRODUCT(((회차설정!$E$13:$E$27="공통")+(회차설정!$E$13:$E$27="언어와 매체"))*(회차설정!$C$13:$C$27<=$A13)*(회차설정!$D$13:$D$27>=$A13))
A14: 11 | B14: =회차설정!$B$42 | C14: =회차설정!$C$42 | D14: =회차설정!$B$42 | E14: =회차설정!$C$42 | F14: =SUMPRODUCT(((회차설정!$E$13:$E$27="공통")+(회차설정!$E$13:$E$27="화법과 작문"))*(회차설정!$C$13:$C$27<=$A14)*(회차설정!$D$13:$D$27>=$A14)) | G14: =SUMPRODUCT(((회차설정!$E$13:$E$27="공통")+(회차설정!$E$13:$E$27="언어와 매체"))*(회차설정!$C$13:$C$27<=$A14)*(회차설정!$D$13:$D$27>=$A14))
A15: 12 | B15: =회차설정!$B$43 | C15: =회차설정!$C$43 | D15: =회차설정!$B$43 | E15: =회차설정!$C$43 | F15: =SUMPRODUCT(((회차설정!$E$13:$E$27="공통")+(회차설정!$E$13:$E$27="화법과 작문"))*(회차설정!$C$13:$C$27<=$A15)*(회차설정!$D$13:$D$27>=$A15)) | G15: =SUMPRODUCT(((회차설정!$E$13:$E$27="공통")+(회차설정!$E$13:$E$27="언어와 매체"))*(회차설정!$C$13:$C$27<=$A15)*(회차설정!$D$13:$D$27>=$A15))
A16: 13 | B16: =회차설정!$B$44 | C16: =회차설정!$C$44 | D16: =회차설정!$B$44 | E16: =회차설정!$C$44 | F16: =SUMPRODUCT(((회차설정!$E$13:$E$27="공통")+(회차설정!$E$13:$E$27="화법과 작문"))*(회차설정!$C$13:$C$27<=$A16)*(회차설정!$D$13:$D$27>=$A16)) | G16: =SUMPRODUCT(((회차설정!$E$13:$E$27="공통")+(회차설정!$E$13:$E$27="언어와 매체"))*(회차설정!$C$13:$C$27<=$A16)*(회차설정!$D$13:$D$27>=$A16))
A17: 14 | B17: =회차설정!$B$45 | C17: =회차설정!$C$45 | D17: =회차설정!$B$45 | E17: =회차설정!$C$45 | F17: =SUMPRODUCT(((회차설정!$E$13:$E$27="공통")+(회차설정!$E$13:$E$27="화법과 작문"))*(회차설정!$C$13:$C$27<=$A17)*(회차설정!$D$13:$D$27>=$A17)) | G17: =SUMPRODUCT(((회차설정!$E$13:$E$27="공통")+(회차설정!$E$13:$E$27="언어와 매체"))*(회차설정!$C$13:$C$27<=$A17)*(회차설정!$D$13:$D$27>=$A17))
A18: 15 | B18: =회차설정!$B$46 | C18: =회차설정!$C$46 | D18: =회차설정!$B$46 | E18: =회차설정!$C$46 | F18: =SUMPRODUCT(((회차설정!$E$13:$E$27="공통")+(회차설정!$E$13:$E$27="화법과 작문"))*(회차설정!$C$13:$C$27<=$A18)*(회차설정!$D$13:$D$27>=$A18)) | G18: =SUMPRODUCT(((회차설정!$E$13:$E$27="공통")+(회차설정!$E$13:$E$27="언어와 매체"))*(회차설정!$C$13:$C$27<=$A18)*(회차설정!$D$13:$D$27>=$A18))
A19: 16 | B19: =회차설정!$B$47 | C19: =회차설정!$C$47 | D19: =회차설정!$B$47 | E19: =회차설정!$C$47 | F19: =SUMPRODUCT(((회차설정!$E$13:$E$27="공통")+(회차설정!$E$13:$E$27="화법과 작문"))*(회차설정!$C$13:$C$27<=$A19)*(회차설정!$D$13:$D$27>=$A19)) | G19: =SUMPRODUCT(((회차설정!$E$13:$E$27="공통")+(회차설정!$E$13:$E$27="언어와 매체"))*(회차설정!$C$13:$C$27<=$A19)*(회차설정!$D$13:$D$27>=$A19))
A20: 17 | B20: =회차설정!$B$48 | C20: =회차설정!$C$48 | D20: =회차설정!$B$48 | E20: =회차설정!$C$48 | F20: =SUMPRODUCT(((회차설정!$E$13:$E$27="공통")+(회차설정!$E$13:$E$27="화법과 작문"))*(회차설정!$C$13:$C$27<=$A20)*(회차설정!$D$13:$D$27>=$A20)) | G20: =SUMPRODUCT(((회차설정!$E$13:$E$27="공통")+(회차설정!$E$13:$E$27="언어와 매체"))*(회차설정!$C$13:$C$27<=$A20)*(회차설정!$D$13:$D$27>=$A20))
A21: 18 | B21: =회차설정!$B$49 | C21: =회차설정!$C$49 | D21: =회차설정!$B$49 | E21: =회차설정!$C$49 | F21: =SUMPRODUCT(((회차설정!$E$13:$E$27="공통")+(회차설정!$E$13:$E$27="화법과 작문"))*(회차설정!$C$13:$C$27<=$A21)*(회차설정!$D$13:$D$27>=$A21)) | G21: =SUMPRODUCT(((회차설정!$E$13:$E$27="공통")+(회차설정!$E$13:$E$27="언어와 매체"))*(회차설정!$C$13:$C$27<=$A21)*(회차설정!$D$13:$D$27>=$A21))
A22: 19 | B22: =회차설정!$B$50 | C22: =회차설정!$C$50 | D22: =회차설정!$B$50 | E22: =회차설정!$C$50 | F22: =SUMPRODUCT(((회차설정!$E$13:$E$27="공통")+(회차설정!$E$13:$E$27="화법과 작문"))*(회차설정!$C$13:$C$27<=$A22)*(회차설정!$D$13:$D$27>=$A22)) | G22: =SUMPRODUCT(((회차설정!$E$13:$E$27="공통")+(회차설정!$E$13:$E$27="언어와 매체"))*(회차설정!$C$13:$C$27<=$A22)*(회차설정!$D$13:$D$27>=$A22))
A23: 20 | B23: =회차설정!$B$51 | C23: =회차설정!$C$51 | D23: =회차설정!$B$51 | E23: =회차설정!$C$51 | F23: =SUMPRODUCT(((회차설정!$E$13:$E$27="공통")+(회차설정!$E$13:$E$27="화법과 작문"))*(회차설정!$C$13:$C$27<=$A23)*(회차설정!$D$13:$D$27>=$A23)) | G23: =SUMPRODUCT(((회차설정!$E$13:$E$27="공통")+(회차설정!$E$13:$E$27="언어와 매체"))*(회차설정!$C$13:$C$27<=$A23)*(회차설정!$D$13:$D$27>=$A23))
A24: 21 | B24: =회차설정!$B$52 | C24: =회차설정!$C$52 | D24: =회차설정!$B$52 | E24: =회차설정!$C$52 | F24: =SUMPRODUCT(((회차설정!$E$13:$E$27="공통")+(회차설정!$E$13:$E$27="화법과 작문"))*(회차설정!$C$13:$C$27<=$A24)*(회차설정!$D$13:$D$27>=$A24)) | G24: =SUMPRODUCT(((회차설정!$E$13:$E$27="공통")+(회차설정!$E$13:$E$27="언어와 매체"))*(회차설정!$C$13:$C$27<=$A24)*(회차설정!$D$13:$D$27>=$A24))
A25: 22 | B25: =회차설정!$B$53 | C25: =회차설정!$C$53 | D25: =회차설정!$B$53 | E25: =회차설정!$C$53 | F25: =SUMPRODUCT(((회차설정!$E$13:$E$27="공통")+(회차설정!$E$13:$E$27="화법과 작문"))*(회차설정!$C$13:$C$27<=$A25)*(회차설정!$D$13:$D$27>=$A25)) | G25: =SUMPRODUCT(((회차설정!$E$13:$E$27="공통")+(회차설정!$E$13:$E$27="언어와 매체"))*(회차설정!$C$13:$C$27<=$A25)*(회차설정!$D$13:$D$27>=$A25))
A26: 23 | B26: =회차설정!$B$54 | C26: =회차설정!$C$54 | D26: =회차설정!$B$54 | E26: =회차설정!$C$54 | F26: =SUMPRODUCT(((회차설정!$E$13:$E$27="공통")+(회차설정!$E$13:$E$27="화법과 작문"))*(회차설정!$C$13:$C$27<=$A26)*(회차설정!$D$13:$D$27>=$A26)) | G26: =SUMPRODUCT(((회차설정!$E$13:$E$27="공통")+(회차설정!$E$13:$E$27="언어와 매체"))*(회차설정!$C$13:$C$27<=$A26)*(회차설정!$D$13:$D$27>=$A26))
A27: 24 | B27: =회차설정!$B$55 | C27: =회차설정!$C$55 | D27: =회차설정!$B$55 | E27: =회차설정!$C$55 | F27: =SUMPRODUCT(((회차설정!$E$13:$E$27="공통")+(회차설정!$E$13:$E$27="화법과 작문"))*(회차설정!$C$13:$C$27<=$A27)*(회차설정!$D$13:$D$27>=$A27)) | G27: =SUMPRODUCT(((회차설정!$E$13:$E$27="공통")+(회차설정!$E$13:$E$27="언어와 매체"))*(회차설정!$C$13:$C$27<=$A27)*(회차설정!$D$13:$D$27>=$A27))
A28: 25 | B28: =회차설정!$B$56 | C28: =회차설정!$C$56 | D28: =회차설정!$B$56 | E28: =회차설정!$C$56 | F28: =SUMPRODUCT(((회차설정!$E$13:$E$27="공통")+(회차설정!$E$13:$E$27="화법과 작문"))*(회차설정!$C$13:$C$27<=$A28)*(회차설정!$D$13:$D$27>=$A28)) | G28: =SUMPRODUCT(((회차설정!$E$13:$E$27="공통")+(회차설정!$E$13:$E$27="언어와 매체"))*(회차설정!$C$13:$C$27<=$A28)*(회차설정!$D$13:$D$27>=$A28))
A29: 26 | B29: =회차설정!$B$57 | C29: =회차설정!$C$57 | D29: =회차설정!$B$57 | E29: =회차설정!$C$57 | F29: =SUMPRODUCT(((회차설정!$E$13:$E$27="공통")+(회차설정!$E$13:$E$27="화법과 작문"))*(회차설정!$C$13:$C$27<=$A29)*(회차설정!$D$13:$D$27>=$A29)) | G29: =SUMPRODUCT(((회차설정!$E$13:$E$27="공통")+(회차설정!$E$13:$E$27="언어와 매체"))*(회차설정!$C$13:$C$27<=$A29)*(회차설정!$D$13:$D$27>=$A29))
A30: 27 | B30: =회차설정!$B$58 | C30: =회차설정!$C$58 | D30: =회차설정!$B$58 | E30: =회차설정!$C$58 | F30: =SUMPRODUCT(((회차설정!$E$13:$E$27="공통")+(회차설정!$E$13:$E$27="화법과 작문"))*(회차설정!$C$13:$C$27<=$A30)*(회차설정!$D$13:$D$27>=$A30)) | G30: =SUMPRODUCT(((회차설정!$E$13:$E$27="공통")+(회차설정!$E$13:$E$27="언어와 매체"))*(회차설정!$C$13:$C$27<=$A30)*(회차설정!$D$13:$D$27>=$A30))
A31: 28 | B31: =회차설정!$B$59 | C31: =회차설정!$C$59 | D31: =회차설정!$B$59 | E31: =회차설정!$C$59 | F31: =SUMPRODUCT(((회차설정!$E$13:$E$27="공통")+(회차설정!$E$13:$E$27="화법과 작문"))*(회차설정!$C$13:$C$27<=$A31)*(회차설정!$D$13:$D$27>=$A31)) | G31: =SUMPRODUCT(((회차설정!$E$13:$E$27="공통")+(회차설정!$E$13:$E$27="언어와 매체"))*(회차설정!$C$13:$C$27<=$A31)*(회차설정!$D$13:$D$27>=$A31))
A32: 29 | B32: =회차설정!$B$60 | C32: =회차설정!$C$60 | D32: =회차설정!$B$60 | E32: =회차설정!$C$60 | F32: =SUMPRODUCT(((회차설정!$E$13:$E$27="공통")+(회차설정!$E$13:$E$27="화법과 작문"))*(회차설정!$C$13:$C$27<=$A32)*(회차설정!$D$13:$D$27>=$A32)) | G32: =SUMPRODUCT(((회차설정!$E$13:$E$27="공통")+(회차설정!$E$13:$E$27="언어와 매체"))*(회차설정!$C$13:$C$27<=$A32)*(회차설정!$D$13:$D$27>=$A32))
A33: 30 | B33: =회차설정!$B$61 | C33: =회차설정!$C$61 | D33: =회차설정!$B$61 | E33: =회차설정!$C$61 | F33: =SUMPRODUCT(((회차설정!$E$13:$E$27="공통")+(회차설정!$E$13:$E$27="화법과 작문"))*(회차설정!$C$13:$C$27<=$A33)*(회차설정!$D$13:$D$27>=$A33)) | G33: =SUMPRODUCT(((회차설정!$E$13:$E$27="공통")+(회차설정!$E$13:$E$27="언어와 매체"))*(회차설정!$C$13:$C$27<=$A33)*(회차설정!$D$13:$D$27>=$A33))
A34: 31 | B34: =회차설정!$B$62 | C34: =회차설정!$C$62 | D34: =회차설정!$B$62 | E34: =회차설정!$C$62 | F34: =SUMPRODUCT(((회차설정!$E$13:$E$27="공통")+(회차설정!$E$13:$E$27="화법과 작문"))*(회차설정!$C$13:$C$27<=$A34)*(회차설정!$D$13:$D$27>=$A34)) | G34: =SUMPRODUCT(((회차설정!$E$13:$E$27="공통")+(회차설정!$E$13:$E$27="언어와 매체"))*(회차설정!$C$13:$C$27<=$A34)*(회차설정!$D$13:$D$27>=$A34))
A35: 32 | B35: =회차설정!$B$63 | C35: =회차설정!$C$63 | D35: =회차설정!$B$63 | E35: =회차설정!$C$63 | F35: =SUMPRODUCT(((회차설정!$E$13:$E$27="공통")+(회차설정!$E$13:$E$27="화법과 작문"))*(회차설정!$C$13:$C$27<=$A35)*(회차설정!$D$13:$D$27>=$A35)) | G35: =SUMPRODUCT(((회차설정!$E$13:$E$27="공통")+(회차설정!$E$13:$E$27="언어와 매체"))*(회차설정!$C$13:$C$27<=$A35)*(회차설정!$D$13:$D$27>=$A35))
A36: 33 | B36: =회차설정!$B$64 | C36: =회차설정!$C$64 | D36: =회차설정!$B$64 | E36: =회차설정!$C$64 | F36: =SUMPRODUCT(((회차설정!$E$13:$E$27="공통")+(회차설정!$E$13:$E$27="화법과 작문"))*(회차설정!$C$13:$C$27<=$A36)*(회차설정!$D$13:$D$27>=$A36)) | G36: =SUMPRODUCT(((회차설정!$E$13:$E$27="공통")+(회차설정!$E$13:$E$27="언어와 매체"))*(회차설정!$C$13:$C$27<=$A36)*(회차설정!$D$13:$D$27>=$A36))
A37: 34 | B37: =회차설정!$B$65 | C37: =회차설정!$C$65 | D37: =회차설정!$B$65 | E37: =회차설정!$C$65 | F37: =SUMPRODUCT(((회차설정!$E$13:$E$27="공통")+(회차설정!$E$13:$E$27="화법과 작문"))*(회차설정!$C$13:$C$27<=$A37)*(회차설정!$D$13:$D$27>=$A37)) | G37: =SUMPRODUCT(((회차설정!$E$13:$E$27="공통")+(회차설정!$E$13:$E$27="언어와 매체"))*(회차설정!$C$13:$C$27<=$A37)*(회차설정!$D$13:$D$27>=$A37))
A38: 35 | B38: =회차설정!$F$32 | C38: =회차설정!$G$32 | D38: =회차설정!$J$32 | E38: =회차설정!$K$32 | F38: =SUMPRODUCT(((회차설정!$E$13:$E$27="공통")+(회차설정!$E$13:$E$27="화법과 작문"))*(회차설정!$C$13:$C$27<=$A38)*(회차설정!$D$13:$D$27>=$A38)) | G38: =SUMPRODUCT(((회차설정!$E$13:$E$27="공통")+(회차설정!$E$13:$E$27="언어와 매체"))*(회차설정!$C$13:$C$27<=$A38)*(회차설정!$D$13:$D$27>=$A38))
A39: 36 | B39: =회차설정!$F$33 | C39: =회차설정!$G$33 | D39: =회차설정!$J$33 | E39: =회차설정!$K$33 | F39: =SUMPRODUCT(((회차설정!$E$13:$E$27="공통")+(회차설정!$E$13:$E$27="화법과 작문"))*(회차설정!$C$13:$C$27<=$A39)*(회차설정!$D$13:$D$27>=$A39)) | G39: =SUMPRODUCT(((회차설정!$E$13:$E$27="공통")+(회차설정!$E$13:$E$27="언어와 매체"))*(회차설정!$C$13:$C$27<=$A39)*(회차설정!$D$13:$D$27>=$A39))
A40: 37 | B40: =회차설정!$F$34 | C40: =회차설정!$G$34 | D40: =회차설정!$J$34 | E40: =회차설정!$K$34 | F40: =SUMPRODUCT(((회차설정!$E$13:$E$27="공통")+(회차설정!$E$13:$E$27="화법과 작문"))*(회차설정!$C$13:$C$27<=$A40)*(회차설정!$D$13:$D$27>=$A40)) | G40: =SUMPRODUCT(((회차설정!$E$13:$E$27="공통")+(회차설정!$E$13:$E$27="언어와 매체"))*(회차설정!$C$13:$C$27<=$A40)*(회차설정!$D$13:$D$27>=$A40))
A41: 38 | B41: =회차설정!$F$35 | C41: =회차설정!$G$35 | D41: =회차설정!$J$35 | E41: =회차설정!$K$35 | F41: =SUMPRODUCT(((회차설정!$E$13:$E$27="공통")+(회차설정!$E$13:$E$27="화법과 작문"))*(회차설정!$C$13:$C$27<=$A41)*(회차설정!$D$13:$D$27>=$A41)) | G41: =SUMPRODUCT(((회차설정!$E$13:$E$27="공통")+(회차설정!$E$13:$E$27="언어와 매체"))*(회차설정!$C$13:$C$27<=$A41)*(회차설정!$D$13:$D$27>=$A41))
A42: 39 | B42: =회차설정!$F$36 | C42: =회차설정!$G$36 | D42: =회차설정!$J$36 | E42: =회차설정!$K$36 | F42: =SUMPRODUCT(((회차설정!$E$13:$E$27="공통")+(회차설정!$E$13:$E$27="화법과 작문"))*(회차설정!$C$13:$C$27<=$A42)*(회차설정!$D$13:$D$27>=$A42)) | G42: =SUMPRODUCT(((회차설정!$E$13:$E$27="공통")+(회차설정!$E$13:$E$27="언어와 매체"))*(회차설정!$C$13:$C$27<=$A42)*(회차설정!$D$13:$D$27>=$A42))
A43: 40 | B43: =회차설정!$F$37 | C43: =회차설정!$G$37 | D43: =회차설정!$J$37 | E43: =회차설정!$K$37 | F43: =SUMPRODUCT(((회차설정!$E$13:$E$27="공통")+(회차설정!$E$13:$E$27="화법과 작문"))*(회차설정!$C$13:$C$27<=$A43)*(회차설정!$D$13:$D$27>=$A43)) | G43: =SUMPRODUCT(((회차설정!$E$13:$E$27="공통")+(회차설정!$E$13:$E$27="언어와 매체"))*(회차설정!$C$13:$C$27<=$A43)*(회차설정!$D$13:$D$27>=$A43))
A44: 41 | B44: =회차설정!$F$38 | C44: =회차설정!$G$38 | D44: =회차설정!$J$38 | E44: =회차설정!$K$38 | F44: =SUMPRODUCT(((회차설정!$E$13:$E$27="공통")+(회차설정!$E$13:$E$27="화법과 작문"))*(회차설정!$C$13:$C$27<=$A44)*(회차설정!$D$13:$D$27>=$A44)) | G44: =SUMPRODUCT(((회차설정!$E$13:$E$27="공통")+(회차설정!$E$13:$E$27="언어와 매체"))*(회차설정!$C$13:$C$27<=$A44)*(회차설정!$D$13:$D$27>=$A44))
A45: 42 | B45: =회차설정!$F$39 | C45: =회차설정!$G$39 | D45: =회차설정!$J$39 | E45: =회차설정!$K$39 | F45: =SUMPRODUCT(((회차설정!$E$13:$E$27="공통")+(회차설정!$E$13:$E$27="화법과 작문"))*(회차설정!$C$13:$C$27<=$A45)*(회차설정!$D$13:$D$27>=$A45)) | G45: =SUMPRODUCT(((회차설정!$E$13:$E$27="공통")+(회차설정!$E$13:$E$27="언어와 매체"))*(회차설정!$C$13:$C$27<=$A45)*(회차설정!$D$13:$D$27>=$A45))
A46: 43 | B46: =회차설정!$F$40 | C46: =회차설정!$G$40 | D46: =회차설정!$J$40 | E46: =회차설정!$K$40 | F46: =SUMPRODUCT(((회차설정!$E$13:$E$27="공통")+(회차설정!$E$13:$E$27="화법과 작문"))*(회차설정!$C$13:$C$27<=$A46)*(회차설정!$D$13:$D$27>=$A46)) | G46: =SUMPRODUCT(((회차설정!$E$13:$E$27="공통")+(회차설정!$E$13:$E$27="언어와 매체"))*(회차설정!$C$13:$C$27<=$A46)*(회차설정!$D$13:$D$27>=$A46))
A47: 44 | B47: =회차설정!$F$41 | C47: =회차설정!$G$41 | D47: =회차설정!$J$41 | E47: =회차설정!$K$41 | F47: =SUMPRODUCT(((회차설정!$E$13:$E$27="공통")+(회차설정!$E$13:$E$27="화법과 작문"))*(회차설정!$C$13:$C$27<=$A47)*(회차설정!$D$13:$D$27>=$A47)) | G47: =SUMPRODUCT(((회차설정!$E$13:$E$27="공통")+(회차설정!$E$13:$E$27="언어와 매체"))*(회차설정!$C$13:$C$27<=$A47)*(회차설정!$D$13:$D$27>=$A47))
A48: 45 | B48: =회차설정!$F$42 | C48: =회차설정!$G$42 | D48: =회차설정!$J$42 | E48: =회차설정!$K$42 | F48: =SUMPRODUCT(((회차설정!$E$13:$E$27="공통")+(회차설정!$E$13:$E$27="화법과 작문"))*(회차설정!$C$13:$C$27<=$A48)*(회차설정!$D$13:$D$27>=$A48)) | G48: =SUMPRODUCT(((회차설정!$E$13:$E$27="공통")+(회차설정!$E$13:$E$27="언어와 매체"))*(회차설정!$C$13:$C$27<=$A48)*(회차설정!$D$13:$D$27>=$A48))

Sheet 전체채점
A1: 자동 계산용 시트입니다. 고치지 마세요.
A2: 이름 | B2: 선택과목 | C2: 점수 | D2: 등급 | E2: 답1 | F2: 답2 | G2: 답3 | H2: 답4 | I2: 답5 | J2: 답6 | K2: 답7 | L2: 답8 | M2: 답9 | N2: 답10 | O2: 답11 | P2: 답12 | Q2: 답13 | R2: 답14 | S2: 답15 | T2: 답16 | U2: 답17 | V2: 답18 | W2: 답19 | X2: 답20 | Y2: 답21 | Z2: 답22 | AA2: 답23 | AB2: 답24 | AC2: 답25 | AD2: 답26 | AE2: 답27 | AF2: 답28 | AG2: 답29 | AH2: 답30 | AI2: 답31 | AJ2: 답32 | AK2: 답33 | AL2: 답34 | AM2: 답35 | AN2: 답36 | AO2: 답37 | AP2: 답38 | AQ2: 답39 | AR2: 답40 | AS2: 답41 | AT2: 답42 | AU2: 답43 | AV2: 답44 | AW2: 답45 | AX2: 점1 | AY2: 점2 | AZ2: 점3 | BA2: 점4 | BB2: 점5 | BC2: 점6 | BD2: 점7 | BE2: 점8 | BF2: 점9 | BG2: 점10 | BH2: 점11 | BI2: 점12 | BJ2: 점13 | BK2: 점14 | BL2: 점15 | BM2: 점16 | BN2: 점17 | BO2: 점18 | BP2: 점19 | BQ2: 점20 | BR2: 점21 | BS2: 점22 | BT2: 점23 | BU2: 점24 | BV2: 점25 | BW2: 점26 | BX2: 점27 | BY2: 점28 | BZ2: 점29 | CA2: 점30 | CB2: 점31 | CC2: 점32 | CD2: 점33 | CE2: 점34 | CF2: 점35 | CG2: 점36 | CH2: 점37 | CI2: 점38 | CJ2: 점39 | CK2: 점40 | CL2: 점41 | CM2: 점42 | CN2: 점43 | CO2: 점44 | CP2: 점45
A3: =IF(답안입력!A3="","",답안입력!A3) | B3: =IF($A3="","",답안입력!C3) | C3: =IF($A3="","",SUM(AX3:CP3)) | D3: =IF($A3="","",IF($C3>=IF($B3="언어와 매체",회차설정!$B$9,회차설정!$B$8),"1등급",IF($C3>=IF($B3="언어와 매체",회차설정!$C$9,회차설정!$C$8),"2등급",IF($C3>=IF($B3="언어와 매체",회차설정!$D$9,회차설정!$D$8),"3등급",IF($C3>=IF($B3="언어와 매체",회차설정!$E$9,회차설정!$E$8),"4등급","등급 외"))))) | E3: =IF($A3="","",IF(LEN(답안입력!$D3)>=1,VALUE(MID(답안입력!$D3,1,1)),IF(답안입력!E3="","",답안입력!E3))) | F3: =IF($A3="","",IF(LEN(답안입력!$D3)>=2,VALUE(MID(답안입력!$D3,2,1)),IF(답안입력!F3="","",답안입력!F3))) | G3: =IF($A3="","",IF(LEN(답안입력!$D3)>=3,VALUE(MID(답안입력!$D3,3,1)),IF(답안입력!G3="","",답안입력!G3))) | H3: =IF($A3="","",IF(LEN(답안입력!$D3)>=4,VALUE(MID(답안입력!$D3,4,1)),IF(답안입력!H3="","",답안입력!H3))) | I3: =IF($A3="","",IF(LEN(답안입력!$D3)>=5,VALUE(MID(답안입력!$D3,5,1)),IF(답안입력!I3="","",답안입력!I3))) | J3: =IF($A3="","",IF(LEN(답안입력!$D3)>=6,VALUE(MID(답안입력!$D3,6,1)),IF(답안입력!J3="","",답안입력!J3))) | K3: =IF($A3="","",IF(LEN(답안입력!$D3)>=7,VALUE(MID(답안입력!$D3,7,1)),IF(답안입력!K3="","",답안입력!K3))) | L3: =IF($A3="","",IF(LEN(답안입력!$D3)>=8,VALUE(MID(답안입력!$D3,8,1)),IF(답안입력!L3="","",답안입력!L3))) | M3: =IF($A3="","",IF(LEN(답안입력!$D3)>=9,VALUE(MID(답안입력!$D3,9,1)),IF(답안입력!M3="","",답안입력!M3))) | N3: =IF($A3="","",IF(LEN(답안입력!$D3)>=10,VALUE(MID(답안입력!$D3,10,1)),IF(답안입력!N3="","",답안입력!N3))) | O3: =IF($A3="","",IF(LEN(답안입력!$D3)>=11,VALUE(MID(답안입력!$D3,11,1)),IF(답안입력!O3="","",답안입력!O3))) | P3: =IF($A3="","",IF(LEN(답안입력!$D3)>=12,VALUE(MID(답안입력!$D3,12,1)),IF(답안입력!P3="","",답안입력!P3))) | Q3: =IF($A3="","",IF(LEN(답안입력!$D3)>=13,VALUE(MID(답안입력!$D3,13,1)),IF(답안입력!Q3="","",답안입력!Q3))) | R3: =IF($A3="","",IF(LEN(답안입력!$D3)>=14,VALUE(MID(답안입력!$D3,14,1)),IF(답안입력!R3="","",답안입력!R3))) | S3: =IF($A3="","",IF(LEN(답안입력!$D3)>=15,VALUE(MID(답안입력!$D3,15,1)),IF(답안입력!S3="","",답안입력!S3))) | T3: =IF($A3="","",IF(LEN(답안입력!$D3)>=16,VALUE(MID(답안입력!$D3,16,1)),IF(답안입력!T3="","",답안입력!T3))) | U3: =IF($A3="","",IF(LEN(답안입력!$D3)>=17,VALUE(MID(답안입력!$D3,17,1)),IF(답안입력!U3="","",답안입력!U3))) | V3: =IF($A3="","",IF(LEN(답안입력!$D3)>=18,VALUE(MID(답안입력!$D3,18,1)),IF(답안입력!V3="","",답안입력!V3))) | W3: =IF($A3="","",IF(LEN(답안입력!$D3)>=19,VALUE(MID(답안입력!$D3,19,1)),IF(답안입력!W3="","",답안입력!W3))) | X3: =IF($A3="","",IF(LEN(답안입력!$D3)>=20,VALUE(MID(답안입력!$D3,20,1)),IF(답안입력!X3="","",답안입력!X3))) | Y3: =IF($A3="","",IF(LEN(답안입력!$D3)>=21,VALUE(MID(답안입력!$D3,21,1)),IF(답안입력!Y3="","",답안입력!Y3))) | Z3: =IF($A3="","",IF(LEN(답안입력!$D3)>=22,VALUE(MID(답안입력!$D3,22,1)),IF(답안입력!Z3="","",답안입력!Z3))) | AA3: =IF($A3="","",IF(LEN(답안입력!$D3)>=23,VALUE(MID(답안입력!$D3,23,1)),IF(답안입력!AA3="","",답안입력!AA3))) | AB3: =IF($A3="","",IF(LEN(답안입력!$D3)>=24,VALUE(MID(답안입력!$D3,24,1)),IF(답안입력!AB3="","",답안입력!AB3))) | AC3: =IF($A3="","",IF(LEN(답안입력!$D3)>=25,VALUE(MID(답안입력!$D3,25,1)),IF(답안입력!AC3="","",답안입력!AC3))) | AD3: =IF($A3="","",IF(LEN(답안입력!$D3)>=26,VALUE(MID(답안입력!$D3,26,1)),IF(답안입력!AD3="","",답안입력!AD3))) | AE3: =IF($A3="","",IF(LEN(답안입력!$D3)>=27,VALUE(MID(답안입력!$D3,27,1)),IF(답안입력!AE3="","",답안입력!AE3))) | AF3: =IF($A3="","",IF(LEN(답안입력!$D3)>=28,VALUE(MID(답안입력!$D3,28,1)),IF(답안입력!AF3="","",답안입력!AF3))) | AG3: =IF($A3="","",IF(LEN(답안입력!$D3)>=29,VALUE(MID(답안입력!$D3,29,1)),IF(답안입력!AG3="","",답안입력!AG3))) | AH3: =IF($A3="","",IF(LEN(답안입력!$D3)>=30,VALUE(MID(답안입력!$D3,30,1)),IF(답안입력!AH3="","",답안입력!AH3))) | AI3: =IF($A3="","",IF(LEN(답안입력!$D3)>=31,VALUE(MID(답안입력!$D3,31,1)),IF(답안입력!AI3="","",답안입력!AI3))) | AJ3: =IF($A3="","",IF(LEN(답안입력!$D3)>=32,VALUE(MID(답안입력!$D3,32,1)),IF(답안입력!AJ3="","",답안입력!AJ3))) | AK3: =IF($A3="","",IF(LEN(답안입력!$D3)>=33,VALUE(MID(답안입력!$D3,33,1)),IF(답안입력!AK3="","",답안입력!AK3))) | AL3: =IF($A3="","",IF(LEN(답안입력!$D3)>=34,VALUE(MID(답안입력!$D3,34,1)),IF(답안입력!AL3="","",답안입력!AL3))) | AM3: =IF($A3="","",IF(LEN(답안입력!$D3)>=35,VALUE(MID(답안입력!$D3,35,1)),IF(답안입력!AM3="","",답안입력!AM3))) | AN3: =IF($A3="","",IF(LEN(답안입력!$D3)>=36,VALUE(MID(답안입력!$D3,36,1)),IF(답안입력!AN3="","",답안입력!AN3))) | AO3: =IF($A3="","",IF(LEN(답안입력!$D3)>=37,VALUE(MID(답안입력!$D3,37,1)),IF(답안입력!AO3="","",답안입력!AO3))) | AP3: =IF($A3="","",IF(LEN(답안입력!$D3)>=38,VALUE(MID(답안입력!$D3,38,1)),IF(답안입력!AP3="","",답안입력!AP3))) | AQ3: =IF($A3="","",IF(LEN(답안입력!$D3)>=39,VALUE(MID(답안입력!$D3,39,1)),IF(답안입력!AQ3="","",답안입력!AQ3))) | AR3: =IF($A3="","",IF(LEN(답안입력!$D3)>=40,VALUE(MID(답안입력!$D3,40,1)),IF(답안입력!AR3="","",답안입력!AR3))) | AS3: =IF($A3="","",IF(LEN(답안입력!$D3)>=41,VALUE(MID(답안입력!$D3,41,1)),IF(답안입력!AS3="","",답안입력!AS3))) | AT3: =IF($A3="","",IF(LEN(답안입력!$D3)>=42,VALUE(MID(답안입력!$D3,42,1)),IF(답안입력!AT3="","",답안입력!AT3))) | AU3: =IF($A3="","",IF(LEN(답안입력!$D3)>=43,VALUE(MID(답안입력!$D3,43,1)),IF(답안입력!AU3="","",답안입력!AU3))) | AV3: =IF($A3="","",IF(LEN(답안입력!$D3)>=44,VALUE(MID(답안입력!$D3,44,1)),IF(답안입력!AV3="","",답안입력!AV3))) | AW3: =IF($A3="","",IF(LEN(답안입력!$D3)>=45,VALUE(MID(답안입력!$D3,45,1)),IF(답안입력!AW3="","",답안입력!AW3))) | AX3: =IF($A3="","",IF(E3="",0,IF(E3=IF($B3="언어와 매체",자동계산!$D$4,자동계산!$B$4),IF($B3="언어와 매체",자동계산!$E$4,자동계산!$C$4),0))) | AY3: =IF($A3="","",IF(F3="",0,IF(F3=IF($B3="언어와 매체",자동계산!$D$5,자동계산!$B$5),IF($B3="언어와 매체",자동계산!$E$5,자동계산!$C$5),0))) | AZ3: =IF($A3="","",IF(G3="",0,IF(G3=IF($B3="언어와 매체",자동계산!$D$6,자동계산!$B$6),IF($B3="언어와 매체",자동계산!$E$6,자동계산!$C$6),0))) | BA3: =IF($A3="","",IF(H3="",0,IF(H3=IF($B3="언어와 매체",자동계산!$D$7,자동계산!$B$7),IF($B3="언어와 매체",자동계산!$E$7,자동계산!$C$7),0))) | BB3: =IF($A3="","",IF(I3="",0,IF(I3=IF($B3="언어와 매체",자동계산!$D$8,자동계산!$B$8),IF($B3="언어와 매체",자동계산!$E$8,자동계산!$C$8),0))) | BC3: =IF($A3="","",IF(J3="",0,IF(J3=IF($B3="언어와 매체",자동계산!$D$9,자동계산!$B$9),IF($B3="언어와 매체",자동계산!$E$9,자동계산!$C$9),0))) | BD3: =IF($A3="","",IF(K3="",0,IF(K3=IF($B3="언어와 매체",자동계산!$D$10,자동계산!$B$10),IF($B3="언어와 매체",자동계산!$E$10,자동계산!$C$10),0))) | BE3: =IF($A3="","",IF(L3="",0,IF(L3=IF($B3="언어와 매체",자동계산!$D$11,자동계산!$B$11),IF($B3="언어와 매체",자동계산!$E$11,자동계산!$C$11),0))) | BF3: =IF($A3="","",IF(M3="",0,IF(M3=IF($B3="언어와 매체",자동계산!$D$12,자동계산!$B$12),IF($B3="언어와 매체",자동계산!$E$12,자동계산!$C$12),0))) | BG3: =IF($A3="","",IF(N3="",0,IF(N3=IF($B3="언어와 매체",자동계산!$D$13,자동계산!$B$13),IF($B3="언어와 매체",자동계산!$E$13,자동계산!$C$13),0))) | BH3: =IF($A3="","",IF(O3="",0,IF(O3=IF($B3="언어와 매체",자동계산!$D$14,자동계산!$B$14),IF($B3="언어와 매체",자동계산!$E$14,자동계산!$C$14),0))) | BI3: =IF($A3="","",IF(P3="",0,IF(P3=IF($B3="언어와 매체",자동계산!$D$15,자동계산!$B$15),IF($B3="언어와 매체",자동계산!$E$15,자동계산!$C$15),0))) | BJ3: =IF($A3="","",IF(Q3="",0,IF(Q3=IF($B3="언어와 매체",자동계산!$D$16,자동계산!$B$16),IF($B3="언어와 매체",자동계산!$E$16,자동계산!$C$16),0))) | BK3: =IF($A3="","",IF(R3="",0,IF(R3=IF($B3="언어와 매체",자동계산!$D$17,자동계산!$B$17),IF($B3="언어와 매체",자동계산!$E$17,자동계산!$C$17),0))) | BL3: =IF($A3="","",IF(S3="",0,IF(S3=IF($B3="언어와 매체",자동계산!$D$18,자동계산!$B$18),IF($B3="언어와 매체",자동계산!$E$18,자동계산!$C$18),0))) | BM3: =IF($A3="","",IF(T3="",0,IF(T3=IF($B3="언어와 매체",자동계산!$D$19,자동계산!$B$19),IF($B3="언어와 매체",자동계산!$E$19,자동계산!$C$19),0))) | BN3: =IF($A3="","",IF(U3="",0,IF(U3=IF($B3="언어와 매체",자동계산!$D$20,자동계산!$B$20),IF($B3="언어와 매체",자동계산!$E$20,자동계산!$C$20),0))) | BO3: =IF($A3="","",IF(V3="",0,IF(V3=IF($B3="언어와 매체",자동계산!$D$21,자동계산!$B$21),IF($B3="언어와 매체",자동계산!$E$21,자동계산!$C$21),0))) | BP3: =IF($A3="","",IF(W3="",0,IF(W3=IF($B3="언어와 매체",자동계산!$D$22,자동계산!$B$22),IF($B3="언어와 매체",자동계산!$E$22,자동계산!$C$22),0))) | BQ3: =IF($A3="","",IF(X3="",0,IF(X3=IF($B3="언어와 매체",자동계산!$D$23,자동계산!$B$23),IF($B3="언어와 매체",자동계산!$E$23,자동계산!$C$23),0))) | BR3: =IF($A3="","",IF(Y3="",0,IF(Y3=IF($B3="언어와 매체",자동계산!$D$24,자동계산!$B$24),IF($B3="언어와 매체",자동계산!$E$24,자동계산!$C$24),0))) | BS3: =IF($A3="","",IF(Z3="",0,IF(Z3=IF($B3="언어와 매체",자동계산!$D$25,자동계산!$B$25),IF($B3="언어와 매체",자동계산!$E$25,자동계산!$C$25),0))) | BT3: =IF($A3="","",IF(AA3="",0,IF(AA3=IF($B3="언어와 매체",자동계산!$D$26,자동계산!$B$26),IF($B3="언어와 매체",자동계산!$E$26,자동계산!$C$26),0))) | BU3: =IF($A3="","",IF(AB3="",0,IF(AB3=IF($B3="언어와 매체",자동계산!$D$27,자동계산!$B$27),IF($B3="언어와 매체",자동계산!$E$27,자동계산!$C$27),0))) | BV3: =IF($A3="","",IF(AC3="",0,IF(AC3=IF($B3="언어와 매체",자동계산!$D$28,자동계산!$B$28),IF($B3="언어와 매체",자동계산!$E$28,자동계산!$C$28),0))) | BW3: =IF($A3="","",IF(AD3="",0,IF(AD3=IF($B3="언어와 매체",자동계산!$D$29,자동계산!$B$29),IF($B3="언어와 매체",자동계산!$E$29,자동계산!$C$29),0))) | BX3: =IF($A3="","",IF(AE3="",0,IF(AE3=IF($B3="언어와 매체",자동계산!$D$30,자동계산!$B$30),IF($B3="언어와 매체",자동계산!$E$30,자동계산!$C$30),0))) | BY3: =IF($A3="","",IF(AF3="",0,IF(AF3=IF($B3="언어와 매체",자동계산!$D$31,자동계산!$B$31),IF($B3="언어와 매체",자동계산!$E$31,자동계산!$C$31),0))) | BZ3: =IF($A3="","",IF(AG3="",0,IF(AG3=IF($B3="언어와 매체",자동계산!$D$32,자동계산!$B$32),IF($B3="언어와 매체",자동계산!$E$32,자동계산!$C$32),0))) | CA3: =IF($A3="","",IF(AH3="",0,IF(AH3=IF($B3="언어와 매체",자동계산!$D$33,자동계산!$B$33),IF($B3="언어와 매체",자동계산!$E$33,자동계산!$C$33),0))) | CB3: =IF($A3="","",IF(AI3="",0,IF(AI3=IF($B3="언어와 매체",자동계산!$D$34,자동계산!$B$34),IF($B3="언어와 매체",자동계산!$E$34,자동계산!$C$34),0))) | CC3: =IF($A3="","",IF(AJ3="",0,IF(AJ3=IF($B3="언어와 매체",자동계산!$D$35,자동계산!$B$35),IF($B3="언어와 매체",자동계산!$E$35,자동계산!$C$35),0))) | CD3: =IF($A3="","",IF(AK3="",0,IF(AK3=IF($B3="언어와 매체",자동계산!$D$36,자동계산!$B$36),IF($B3="언어와 매체",자동계산!$E$36,자동계산!$C$36),0))) | CE3: =IF($A3="","",IF(AL3="",0,IF(AL3=IF($B3="언어와 매체",자동계산!$D$37,자동계산!$B$37),IF($B3="언어와 매체",자동계산!$E$37,자동계산!$C$37),0))) | CF3: =IF($A3="","",IF(AM3="",0,IF(AM3=IF($B3="언어와 매체",자동계산!$D$38,자동계산!$B$38),IF($B3="언어와 매체",자동계산!$E$38,자동계산!$C$38),0))) | CG3: =IF($A3="","",IF(AN3="",0,IF(AN3=IF($B3="언어와 매체",자동계산!$D$39,자동계산!$B$39),IF($B3="언어와 매체",자동계산!$E$39,자동계산!$C$39),0))) | CH3: =IF($A3="","",IF(AO3="",0,IF(AO3=IF($B3="언어와 매체",자동계산!$D$40,자동계산!$B$40),IF($B3="언어와 매체",자동계산!$E$40,자동계산!$C$40),0))) | CI3: =IF($A3="","",IF(AP3="",0,IF(AP3=IF($B3="언어와 매체",자동계산!$D$41,자동계산!$B$41),IF($B3="언어와 매체",자동계산!$E$41,자동계산!$C$41),0))) | CJ3: =IF($A3="","",IF(AQ3="",0,IF(AQ3=IF($B3="언어와 매체",자동계산!$D$42,자동계산!$B$42),IF($B3="언어와 매체",자동계산!$E$42,자동계산!$C$42),0))) | CK3: =IF($A3="","",IF(AR3="",0,IF(AR3=IF($B3="언어와 매체",자동계산!$D$43,자동계산!$B$43),IF($B3="언어와 매체",자동계산!$E$43,자동계산!$C$43),0))) | CL3: =IF($A3="","",IF(AS3="",0,IF(AS3=IF($B3="언어와 매체",자동계산!$D$44,자동계산!$B$44),IF($B3="언어와 매체",자동계산!$E$44,자동계산!$C$44),0))) | CM3: =IF($A3="","",IF(AT3="",0,IF(AT3=IF($B3="언어와 매체",자동계산!$D$45,자동계산!$B$45),IF($B3="언어와 매체",자동계산!$E$45,자동계산!$C$45),0))) | CN3: =IF($A3="","",IF(AU3="",0,IF(AU3=IF($B3="언어와 매체",자동계산!$D$46,자동계산!$B$46),IF($B3="언어와 매체",자동계산!$E$46,자동계산!$C$46),0))) | CO3: =IF($A3="","",IF(AV3="",0,IF(AV3=IF($B3="언어와 매체",자동계산!$D$47,자동계산!$B$47),IF($B3="언어와 매체",자동계산!$E$47,자동계산!$C$47),0))) | CP3: =IF($A3="","",IF(AW3="",0,IF(AW3=IF($B3="언어와 매체",자동계산!$D$48,자동계산!$B$48),IF($B3="언어와 매체",자동계산!$E$48,자동계산!$C$48),0)))
A4: =IF(답안입력!A4="","",답안입력!A4) | B4: =IF($A4="","",답안입력!C4) | C4: =IF($A4="","",SUM(AX4:CP4)) | D4: =IF($A4="","",IF($C4>=IF($B4="언어와 매체",회차설정!$B$9,회차설정!$B$8),"1등급",IF($C4>=IF($B4="언어와 매체",회차설정!$C$9,회차설정!$C$8),"2등급",IF($C4>=IF($B4="언어와 매체",회차설정!$D$9,회차설정!$D$8),"3등급",IF($C4>=IF($B4="언어와 매체",회차설정!$E$9,회차설정!$E$8),"4등급","등급 외"))))) | E4: =IF($A4="","",IF(LEN(답안입력!$D4)>=1,VALUE(MID(답안입력!$D4,1,1)),IF(답안입력!E4="","",답안입력!E4))) | F4: =IF($A4="","",IF(LEN(답안입력!$D4)>=2,VALUE(MID(답안입력!$D4,2,1)),IF(답안입력!F4="","",답안입력!F4))) | G4: =IF($A4="","",IF(LEN(답안입력!$D4)>=3,VALUE(MID(답안입력!$D4,3,1)),IF(답안입력!G4="","",답안입력!G4))) | H4: =IF($A4="","",IF(LEN(답안입력!$D4)>=4,VALUE(MID(답안입력!$D4,4,1)),IF(답안입력!H4="","",답안입력!H4))) | I4: =IF($A4="","",IF(LEN(답안입력!$D4)>=5,VALUE(MID(답안입력!$D4,5,1)),IF(답안입력!I4="","",답안입력!I4))) | J4: =IF($A4="","",IF(LEN(답안입력!$D4)>=6,VALUE(MID(답안입력!$D4,6,1)),IF(답안입력!J4="","",답안입력!J4))) | K4: =IF($A4="","",IF(LEN(답안입력!$D4)>=7,VALUE(MID(답안입력!$D4,7,1)),IF(답안입력!K4="","",답안입력!K4))) | L4: =IF($A4="","",IF(LEN(답안입력!$D4)>=8,VALUE(MID(답안입력!$D4,8,1)),IF(답안입력!L4="","",답안입력!L4))) | M4: =IF($A4="","",IF(LEN(답안입력!$D4)>=9,VALUE(MID(답안입력!$D4,9,1)),IF(답안입력!M4="","",답안입력!M4))) | N4: =IF($A4="","",IF(LEN(답안입력!$D4)>=10,VALUE(MID(답안입력!$D4,10,1)),IF(답안입력!N4="","",답안입력!N4))) | O4: =IF($A4="","",IF(LEN(답안입력!$D4)>=11,VALUE(MID(답안입력!$D4,11,1)),IF(답안입력!O4="","",답안입력!O4))) | P4: =IF($A4="","",IF(LEN(답안입력!$D4)>=12,VALUE(MID(답안입력!$D4,12,1)),IF(답안입력!P4="","",답안입력!P4))) | Q4: =IF($A4="","",IF(LEN(답안입력!$D4)>=13,VALUE(MID(답안입력!$D4,13,1)),IF(답안입력!Q4="","",답안입력!Q4))) | R4: =IF($A4="","",IF(LEN(답안입력!$D4)>=14,VALUE(MID(답안입력!$D4,14,1)),IF(답안입력!R4="","",답안입력!R4))) | S4: =IF($A4="","",IF(LEN(답안입력!$D4)>=15,VALUE(MID(답안입력!$D4,15,1)),IF(답안입력!S4="","",답안입력!S4))) | T4: =IF($A4="","",IF(LEN(답안입력!$D4)>=16,VALUE(MID(답안입력!$D4,16,1)),IF(답안입력!T4="","",답안입력!T4))) | U4: =IF($A4="","",IF(LEN(답안입력!$D4)>=17,VALUE(MID(답안입력!$D4,17,1)),IF(답안입력!U4="","",답안입력!U4))) | V4: =IF($A4="","",IF(LEN(답안입력!$D4)>=18,VALUE(MID(답안입력!$D4,18,1)),IF(답안입력!V4="","",답안입력!V4))) | W4: =IF($A4="","",IF(LEN(답안입력!$D4)>=19,VALUE(MID(답안입력!$D4,19,1)),IF(답안입력!W4="","",답안입력!W4))) | X4: =IF($A4="","",IF(LEN(답안입력!$D4)>=20,VALUE(MID(답안입력!$D4,20,1)),IF(답안입력!X4="","",답안입력!X4))) | Y4: =IF($A4="","",IF(LEN(답안입력!$D4)>=21,VALUE(MID(답안입력!$D4,21,1)),IF(답안입력!Y4="","",답안입력!Y4))) | Z4: =IF($A4="","",IF(LEN(답안입력!$D4)>=22,VALUE(MID(답안입력!$D4,22,1)),IF(답안입력!Z4="","",답안입력!Z4))) | AA4: =IF($A4="","",IF(LEN(답안입력!$D4)>=23,VALUE(MID(답안입력!$D4,23,1)),IF(답안입력!AA4="","",답안입력!AA4))) | AB4: =IF($A4="","",IF(LEN(답안입력!$D4)>=24,VALUE(MID(답안입력!$D4,24,1)),IF(답안입력!AB4="","",답안입력!AB4))) | AC4: =IF($A4="","",IF(LEN(답안입력!$D4)>=25,VALUE(MID(답안입력!$D4,25,1)),IF(답안입력!AC4="","",답안입력!AC4))) | AD4: =IF($A4="","",IF(LEN(답안입력!$D4)>=26,VALUE(MID(답안입력!$D4,26,1)),IF(답안입력!AD4="","",답안입력!AD4))) | AE4: =IF($A4="","",IF(LEN(답안입력!$D4)>=27,VALUE(MID(답안입력!$D4,27,1)),IF(답안입력!AE4="","",답안입력!AE4))) | AF4: =IF($A4="","",IF(LEN(답안입력!$D4)>=28,VALUE(MID(답안입력!$D4,28,1)),IF(답안입력!AF4="","",답안입력!AF4))) | AG4: =IF($A4="","",IF(LEN(답안입력!$D4)>=29,VALUE(MID(답안입력!$D4,29,1)),IF(답안입력!AG4="","",답안입력!AG4))) | AH4: =IF($A4="","",IF(LEN(답안입력!$D4)>=30,VALUE(MID(답안입력!$D4,30,1)),IF(답안입력!AH4="","",답안입력!AH4))) | AI4: =IF($A4="","",IF(LEN(답안입력!$D4)>=31,VALUE(MID(답안입력!$D4,31,1)),IF(답안입력!AI4="","",답안입력!AI4))) | AJ4: =IF($A4="","",IF(LEN(답안입력!$D4)>=32,VALUE(MID(답안입력!$D4,32,1)),IF(답안입력!AJ4="","",답안입력!AJ4))) | AK4: =IF($A4="","",IF(LEN(답안입력!$D4)>=33,VALUE(MID(답안입력!$D4,33,1)),IF(답안입력!AK4="","",답안입력!AK4))) | AL4: =IF($A4="","",IF(LEN(답안입력!$D4)>=34,VALUE(MID(답안입력!$D4,34,1)),IF(답안입력!AL4="","",답안입력!AL4))) | AM4: =IF($A4="","",IF(LEN(답안입력!$D4)>=35,VALUE(MID(답안입력!$D4,35,1)),IF(답안입력!AM4="","",답안입력!AM4))) | AN4: =IF($A4="","",IF(LEN(답안입력!$D4)>=36,VALUE(MID(답안입력!$D4,36,1)),IF(답안입력!AN4="","",답안입력!AN4))) | AO4: =IF($A4="","",IF(LEN(답안입력!$D4)>=37,VALUE(MID(답안입력!$D4,37,1)),IF(답안입력!AO4="","",답안입력!AO4))) | AP4: =IF($A4="","",IF(LEN(답안입력!$D4)>=38,VALUE(MID(답안입력!$D4,38,1)),IF(답안입력!AP4="","",답안입력!AP4))) | AQ4: =IF($A4="","",IF(LEN(답안입력!$D4)>=39,VALUE(MID(답안입력!$D4,39,1)),IF(답안입력!AQ4="","",답안입력!AQ4))) | AR4: =IF($A4="","",IF(LEN(답안입력!$D4)>=40,VALUE(MID(답안입력!$D4,40,1)),IF(답안입력!AR4="","",답안입력!AR4))) | AS4: =IF($A4="","",IF(LEN(답안입력!$D4)>=41,VALUE(MID(답안입력!$D4,41,1)),IF(답안입력!AS4="","",답안입력!AS4))) | AT4: =IF($A4="","",IF(LEN(답안입력!$D4)>=42,VALUE(MID(답안입력!$D4,42,1)),IF(답안입력!AT4="","",답안입력!AT4))) | AU4: =IF($A4="","",IF(LEN(답안입력!$D4)>=43,VALUE(MID(답안입력!$D4,43,1)),IF(답안입력!AU4="","",답안입력!AU4))) | AV4: =IF($A4="","",IF(LEN(답안입력!$D4)>=44,VALUE(MID(답안입력!$D4,44,1)),IF(답안입력!AV4="","",답안입력!AV4))) | AW4: =IF($A4="","",IF(LEN(답안입력!$D4)>=45,VALUE(MID(답안입력!$D4,45,1)),IF(답안입력!AW4="","",답안입력!AW4))) | AX4: =IF($A4="","",IF(E4="",0,IF(E4=IF($B4="언어와 매체",자동계산!$D$4,자동계산!$B$4),IF($B4="언어와 매체",자동계산!$E$4,자동계산!$C$4),0))) | AY4: =IF($A4="","",IF(F4="",0,IF(F4=IF($B4="언어와 매체",자동계산!$D$5,자동계산!$B$5),IF($B4="언어와 매체",자동계산!$E$5,자동계산!$C$5),0))) | AZ4: =IF($A4="","",IF(G4="",0,IF(G4=IF($B4="언어와 매체",자동계산!$D$6,자동계산!$B$6),IF($B4="언어와 매체",자동계산!$E$6,자동계산!$C$6),0))) | BA4: =IF($A4="","",IF(H4="",0,IF(H4=IF($B4="언어와 매체",자동계산!$D$7,자동계산!$B$7),IF($B4="언어와 매체",자동계산!$E$7,자동계산!$C$7),0))) | BB4: =IF($A4="","",IF(I4="",0,IF(I4=IF($B4="언어와 매체",자동계산!$D$8,자동계산!$B$8),IF($B4="언어와 매체",자동계산!$E$8,자동계산!$C$8),0))) | BC4: =IF($A4="","",IF(J4="",0,IF(J4=IF($B4="언어와 매체",자동계산!$D$9,자동계산!$B$9),IF($B4="언어와 매체",자동계산!$E$9,자동계산!$C$9),0))) | BD4: =IF($A4="","",IF(K4="",0,IF(K4=IF($B4="언어와 매체",자동계산!$D$10,자동계산!$B$10),IF($B4="언어와 매체",자동계산!$E$10,자동계산!$C$10),0))) | BE4: =IF($A4="","",IF(L4="",0,IF(L4=IF($B4="언어와 매체",자동계산!$D$11,자동계산!$B$11),IF($B4="언어와 매체",자동계산!$E$11,자동계산!$C$11),0))) | BF4: =IF($A4="","",IF(M4="",0,IF(M4=IF($B4="언어와 매체",자동계산!$D$12,자동계산!$B$12),IF($B4="언어와 매체",자동계산!$E$12,자동계산!$C$12),0))) | BG4: =IF($A4="","",IF(N4="",0,IF(N4=IF($B4="언어와 매체",자동계산!$D$13,자동계산!$B$13),IF($B4="언어와 매체",자동계산!$E$13,자동계산!$C$13),0))) | BH4: =IF($A4="","",IF(O4="",0,IF(O4=IF($B4="언어와 매체",자동계산!$D$14,자동계산!$B$14),IF($B4="언어와 매체",자동계산!$E$14,자동계산!$C$14),0))) | BI4: =IF($A4="","",IF(P4="",0,IF(P4=IF($B4="언어와 매체",자동계산!$D$15,자동계산!$B$15),IF($B4="언어와 매체",자동계산!$E$15,자동계산!$C$15),0))) | BJ4: =IF($A4="","",IF(Q4="",0,IF(Q4=IF($B4="언어와 매체",자동계산!$D$16,자동계산!$B$16),IF($B4="언어와 매체",자동계산!$E$16,자동계산!$C$16),0))) | BK4: =IF($A4="","",IF(R4="",0,IF(R4=IF($B4="언어와 매체",자동계산!$D$17,자동계산!$B$17),IF($B4="언어와 매체",자동계산!$E$17,자동계산!$C$17),0))) | BL4: =IF($A4="","",IF(S4="",0,IF(S4=IF($B4="언어와 매체",자동계산!$D$18,자동계산!$B$18),IF($B4="언어와 매체",자동계산!$E$18,자동계산!$C$18),0))) | BM4: =IF($A4="","",IF(T4="",0,IF(T4=IF($B4="언어와 매체",자동계산!$D$19,자동계산!$B$19),IF($B4="언어와 매체",자동계산!$E$19,자동계산!$C$19),0))) | BN4: =IF($A4="","",IF(U4="",0,IF(U4=IF($B4="언어와 매체",자동계산!$D$20,자동계산!$B$20),IF($B4="언어와 매체",자동계산!$E$20,자동계산!$C$20),0))) | BO4: =IF($A4="","",IF(V4="",0,IF(V4=IF($B4="언어와 매체",자동계산!$D$21,자동계산!$B$21),IF($B4="언어와 매체",자동계산!$E$21,자동계산!$C$21),0))) | BP4: =IF($A4="","",IF(W4="",0,IF(W4=IF($B4="언어와 매체",자동계산!$D$22,자동계산!$B$22),IF($B4="언어와 매체",자동계산!$E$22,자동계산!$C$22),0))) | BQ4: =IF($A4="","",IF(X4="",0,IF(X4=IF($B4="언어와 매체",자동계산!$D$23,자동계산!$B$23),IF($B4="언어와 매체",자동계산!$E$23,자동계산!$C$23),0))) | BR4: =IF($A4="","",IF(Y4="",0,IF(Y4=IF($B4="언어와 매체",자동계산!$D$24,자동계산!$B$24),IF($B4="언어와 매체",자동계산!$E$24,자동계산!$C$24),0))) | BS4: =IF($A4="","",IF(Z4="",0,IF(Z4=IF($B4="언어와 매체",자동계산!$D$25,자동계산!$B$25),IF($B4="언어와 매체",자동계산!$E$25,자동계산!$C$25),0))) | BT4: =IF($A4="","",IF(AA4="",0,IF(AA4=IF($B4="언어와 매체",자동계산!$D$26,자동계산!$B$26),IF($B4="언어와 매체",자동계산!$E$26,자동계산!$C$26),0))) | BU4: =IF($A4="","",IF(AB4="",0,IF(AB4=IF($B4="언어와 매체",자동계산!$D$27,자동계산!$B$27),IF($B4="언어와 매체",자동계산!$E$27,자동계산!$C$27),0))) | BV4: =IF($A4="","",IF(AC4="",0,IF(AC4=IF($B4="언어와 매체",자동계산!$D$28,자동계산!$B$28),IF($B4="언어와 매체",자동계산!$E$28,자동계산!$C$28),0))) | BW4: =IF($A4="","",IF(AD4="",0,IF(AD4=IF($B4="언어와 매체",자동계산!$D$29,자동계산!$B$29),IF($B4="언어와 매체",자동계산!$E$29,자동계산!$C$29),0))) | BX4: =IF($A4="","",IF(AE4="",0,IF(AE4=IF($B4="언어와 매체",자동계산!$D$30,자동계산!$B$30),IF($B4="언어와 매체",자동계산!$E$30,자동계산!$C$30),0))) | BY4: =IF($A4="","",IF(AF4="",0,IF(AF4=IF($B4="언어와 매체",자동계산!$D$31,자동계산!$B$31),IF($B4="언어와 매체",자동계산!$E$31,자동계산!$C$31),0))) | BZ4: =IF($A4="","",IF(AG4="",0,IF(AG4=IF($B4="언어와 매체",자동계산!$D$32,자동계산!$B$32),IF($B4="언어와 매체",자동계산!$E$32,자동계산!$C$32),0))) | CA4: =IF($A4="","",IF(AH4="",0,IF(AH4=IF($B4="언어와 매체",자동계산!$D$33,자동계산!$B$33),IF($B4="언어와 매체",자동계산!$E$33,자동계산!$C$33),0))) | CB4: =IF($A4="","",IF(AI4="",0,IF(AI4=IF($B4="언어와 매체",자동계산!$D$34,자동계산!$B$34),IF($B4="언어와 매체",자동계산!$E$34,자동계산!$C$34),0))) | CC4: =IF($A4="","",IF(AJ4="",0,IF(AJ4=IF($B4="언어와 매체",자동계산!$D$35,자동계산!$B$35),IF($B4="언어와 매체",자동계산!$E$35,자동계산!$C$35),0))) | CD4: =IF($A4="","",IF(AK4="",0,IF(AK4=IF($B4="언어와 매체",자동계산!$D$36,자동계산!$B$36),IF($B4="언어와 매체",자동계산!$E$36,자동계산!$C$36),0))) | CE4: =IF($A4="","",IF(AL4="",0,IF(AL4=IF($B4="언어와 매체",자동계산!$D$37,자동계산!$B$37),IF($B4="언어와 매체",자동계산!$E$37,자동계산!$C$37),0))) | CF4: =IF($A4="","",IF(AM4="",0,IF(AM4=IF($B4="언어와 매체",자동계산!$D$38,자동계산!$B$38),IF($B4="언어와 매체",자동계산!$E$38,자동계산!$C$38),0))) | CG4: =IF($A4="","",IF(AN4="",0,IF(AN4=IF($B4="언어와 매체",자동계산!$D$39,자동계산!$B$39),IF($B4="언어와 매체",자동계산!$E$39,자동계산!$C$39),0))) | CH4: =IF($A4="","",IF(AO4="",0,IF(AO4=IF($B4="언어와 매체",자동계산!$D$40,자동계산!$B$40),IF($B4="언어와 매체",자동계산!$E$40,자동계산!$C$40),0))) | CI4: =IF($A4="","",IF(AP4="",0,IF(AP4=IF($B4="언어와 매체",자동계산!$D$41,자동계산!$B$41),IF($B4="언어와 매체",자동계산!$E$41,자동계산!$C$41),0))) | CJ4: =IF($A4="","",IF(AQ4="",0,IF(AQ4=IF($B4="언어와 매체",자동계산!$D$42,자동계산!$B$42),IF($B4="언어와 매체",자동계산!$E$42,자동계산!$C$42),0))) | CK4: =IF($A4="","",IF(AR4="",0,IF(AR4=IF($B4="언어와 매체",자동계산!$D$43,자동계산!$B$43),IF($B4="언어와 매체",자동계산!$E$43,자동계산!$C$43),0))) | CL4: =IF($A4="","",IF(AS4="",0,IF(AS4=IF($B4="언어와 매체",자동계산!$D$44,자동계산!$B$44),IF($B4="언어와 매체",자동계산!$E$44,자동계산!$C$44),0))) | CM4: =IF($A4="","",IF(AT4="",0,IF(AT4=IF($B4="언어와 매체",자동계산!$D$45,자동계산!$B$45),IF($B4="언어와 매체",자동계산!$E$45,자동계산!$C$45),0))) | CN4: =IF($A4="","",IF(AU4="",0,IF(AU4=IF($B4="언어와 매체",자동계산!$D$46,자동계산!$B$46),IF($B4="언어와 매체",자동계산!$E$46,자동계산!$C$46),0))) | CO4: =IF($A4="","",IF(AV4="",0,IF(AV4=IF($B4="언어와 매체",자동계산!$D$47,자동계산!$B$47),IF($B4="언어와 매체",자동계산!$E$47,자동계산!$C$47),0))) | CP4: =IF($A4="","",IF(AW4="",0,IF(AW4=IF($B4="언어와 매체",자동계산!$D$48,자동계산!$B$48),IF($B4="언어와 매체",자동계산!$E$48,자동계산!$C$48),0)))
A5: =IF(답안입력!A5="","",답안입력!A5) | B5: =IF($A5="","",답안입력!C5) | C5: =IF($A5="","",SUM(AX5:CP5)) | D5: =IF($A5="","",IF($C5>=IF($B5="언어와 매체",회차설정!$B$9,회차설정!$B$8),"1등급",IF($C5>=IF($B5="언어와 매체",회차설정!$C$9,회차설정!$C$8),"2등급",IF($C5>=IF($B5="언어와 매체",회차설정!$D$9,회차설정!$D$8),"3등급",IF($C5>=IF($B5="언어와 매체",회차설정!$E$9,회차설정!$E$8),"4등급","등급 외"))))) | E5: =IF($A5="","",IF(LEN(답안입력!$D5)>=1,VALUE(MID(답안입력!$D5,1,1)),IF(답안입력!E5="","",답안입력!E5))) | F5: =IF($A5="","",IF(LEN(답안입력!$D5)>=2,VALUE(MID(답안입력!$D5,2,1)),IF(답안입력!F5="","",답안입력!F5))) | G5: =IF($A5="","",IF(LEN(답안입력!$D5)>=3,VALUE(MID(답안입력!$D5,3,1)),IF(답안입력!G5="","",답안입력!G5))) | H5: =IF($A5="","",IF(LEN(답안입력!$D5)>=4,VALUE(MID(답안입력!$D5,4,1)),IF(답안입력!H5="","",답안입력!H5))) | I5: =IF($A5="","",IF(LEN(답안입력!$D5)>=5,VALUE(MID(답안입력!$D5,5,1)),IF(답안입력!I5="","",답안입력!I5))) | J5: =IF($A5="","",IF(LEN(답안입력!$D5)>=6,VALUE(MID(답안입력!$D5,6,1)),IF(답안입력!J5="","",답안입력!J5))) | K5: =IF($A5="","",IF(LEN(답안입력!$D5)>=7,VALUE(MID(답안입력!$D5,7,1)),IF(답안입력!K5="","",답안입력!K5))) | L5: =IF($A5="","",IF(LEN(답안입력!$D5)>=8,VALUE(MID(답안입력!$D5,8,1)),IF(답안입력!L5="","",답안입력!L5))) | M5: =IF($A5="","",IF(LEN(답안입력!$D5)>=9,VALUE(MID(답안입력!$D5,9,1)),IF(답안입력!M5="","",답안입력!M5))) | N5: =IF($A5="","",IF(LEN(답안입력!$D5)>=10,VALUE(MID(답안입력!$D5,10,1)),IF(답안입력!N5="","",답안입력!N5))) | O5: =IF($A5="","",IF(LEN(답안입력!$D5)>=11,VALUE(MID(답안입력!$D5,11,1)),IF(답안입력!O5="","",답안입력!O5))) | P5: =IF($A5="","",IF(LEN(답안입력!$D5)>=12,VALUE(MID(답안입력!$D5,12,1)),IF(답안입력!P5="","",답안입력!P5))) | Q5: =IF($A5="","",IF(LEN(답안입력!$D5)>=13,VALUE(MID(답안입력!$D5,13,1)),IF(답안입력!Q5="","",답안입력!Q5))) | R5: =IF($A5="","",IF(LEN(답안입력!$D5)>=14,VALUE(MID(답안입력!$D5,14,1)),IF(답안입력!R5="","",답안입력!R5))) | S5: =IF($A5="","",IF(LEN(답안입력!$D5)>=15,VALUE(MID(답안입력!$D5,15,1)),IF(답안입력!S5="","",답안입력!S5))) | T5: =IF($A5="","",IF(LEN(답안입력!$D5)>=16,VALUE(MID(답안입력!$D5,16,1)),IF(답안입력!T5="","",답안입력!T5))) | U5: =IF($A5="","",IF(LEN(답안입력!$D5)>=17,VALUE(MID(답안입력!$D5,17,1)),IF(답안입력!U5="","",답안입력!U5))) | V5: =IF($A5="","",IF(LEN(답안입력!$D5)>=18,VALUE(MID(답안입력!$D5,18,1)),IF(답안입력!V5="","",답안입력!V5))) | W5: =IF($A5="","",IF(LEN(답안입력!$D5)>=19,VALUE(MID(답안입력!$D5,19,1)),IF(답안입력!W5="","",답안입력!W5))) | X5: =IF($A5="","",IF(LEN(답안입력!$D5)>=20,VALUE(MID(답안입력!$D5,20,1)),IF(답안입력!X5="","",답안입력!X5))) | Y5: =IF($A5="","",IF(LEN(답안입력!$D5)>=21,VALUE(MID(답안입력!$D5,21,1)),IF(답안입력!Y5="","",답안입력!Y5))) | Z5: =IF($A5="","",IF(LEN(답안입력!$D5)>=22,VALUE(MID(답안입력!$D5,22,1)),IF(답안입력!Z5="","",답안입력!Z5))) | AA5: =IF($A5="","",IF(LEN(답안입력!$D5)>=23,VALUE(MID(답안입력!$D5,23,1)),IF(답안입력!AA5="","",답안입력!AA5))) | AB5: =IF($A5="","",IF(LEN(답안입력!$D5)>=24,VALUE(MID(답안입력!$D5,24,1)),IF(답안입력!AB5="","",답안입력!AB5))) | AC5: =IF($A5="","",IF(LEN(답안입력!$D5)>=25,VALUE(MID(답안입력!$D5,25,1)),IF(답안입력!AC5="","",답안입력!AC5))) | AD5: =IF($A5="","",IF(LEN(답안입력!$D5)>=26,VALUE(MID(답안입력!$D5,26,1)),IF(답안입력!AD5="","",답안입력!AD5))) | AE5: =IF($A5="","",IF(LEN(답안입력!$D5)>=27,VALUE(MID(답안입력!$D5,27,1)),IF(답안입력!AE5="","",답안입력!AE5))) | AF5: =IF($A5="","",IF(LEN(답안입력!$D5)>=28,VALUE(MID(답안입력!$D5,28,1)),IF(답안입력!AF5="","",답안입력!AF5))) | AG5: =IF($A5="","",IF(LEN(답안입력!$D5)>=29,VALUE(MID(답안입력!$D5,29,1)),IF(답안입력!AG5="","",답안입력!AG5))) | AH5: =IF($A5="","",IF(LEN(답안입력!$D5)>=30,VALUE(MID(답안입력!$D5,30,1)),IF(답안입력!AH5="","",답안입력!AH5))) | AI5: =IF($A5="","",IF(LEN(답안입력!$D5)>=31,VALUE(MID(답안입력!$D5,31,1)),IF(답안입력!AI5="","",답안입력!AI5))) | AJ5: =IF($A5="","",IF(LEN(답안입력!$D5)>=32,VALUE(MID(답안입력!$D5,32,1)),IF(답안입력!AJ5="","",답안입력!AJ5))) | AK5: =IF($A5="","",IF(LEN(답안입력!$D5)>=33,VALUE(MID(답안입력!$D5,33,1)),IF(답안입력!AK5="","",답안입력!AK5))) | AL5: =IF($A5="","",IF(LEN(답안입력!$D5)>=34,VALUE(MID(답안입력!$D5,34,1)),IF(답안입력!AL5="","",답안입력!AL5))) | AM5: =IF($A5="","",IF(LEN(답안입력!$D5)>=35,VALUE(MID(답안입력!$D5,35,1)),IF(답안입력!AM5="","",답안입력!AM5))) | AN5: =IF($A5="","",IF(LEN(답안입력!$D5)>=36,VALUE(MID(답안입력!$D5,36,1)),IF(답안입력!AN5="","",답안입력!AN5))) | AO5: =IF($A5="","",IF(LEN(답안입력!$D5)>=37,VALUE(MID(답안입력!$D5,37,1)),IF(답안입력!AO5="","",답안입력!AO5))) | AP5: =IF($A5="","",IF(LEN(답안입력!$D5)>=38,VALUE(MID(답안입력!$D5,38,1)),IF(답안입력!AP5="","",답안입력!AP5))) | AQ5: =IF($A5="","",IF(LEN(답안입력!$D5)>=39,VALUE(MID(답안입력!$D5,39,1)),IF(답안입력!AQ5="","",답안입력!AQ5))) | AR5: =IF($A5="","",IF(LEN(답안입력!$D5)>=40,VALUE(MID(답안입력!$D5,40,1)),IF(답안입력!AR5="","",답안입력!AR5))) | AS5: =IF($A5="","",IF(LEN(답안입력!$D5)>=41,VALUE(MID(답안입력!$D5,41,1)),IF(답안입력!AS5="","",답안입력!AS5))) | AT5: =IF($A5="","",IF(LEN(답안입력!$D5)>=42,VALUE(MID(답안입력!$D5,42,1)),IF(답안입력!AT5="","",답안입력!AT5))) | AU5: =IF($A5="","",IF(LEN(답안입력!$D5)>=43,VALUE(MID(답안입력!$D5,43,1)),IF(답안입력!AU5="","",답안입력!AU5))) | AV5: =IF($A5="","",IF(LEN(답안입력!$D5)>=44,VALUE(MID(답안입력!$D5,44,1)),IF(답안입력!AV5="","",답안입력!AV5))) | AW5: =IF($A5="","",IF(LEN(답안입력!$D5)>=45,VALUE(MID(답안입력!$D5,45,1)),IF(답안입력!AW5="","",답안입력!AW5))) | AX5: =IF($A5="","",IF(E5="",0,IF(E5=IF($B5="언어와 매체",자동계산!$D$4,자동계산!$B$4),IF($B5="언어와 매체",자동계산!$E$4,자동계산!$C$4),0))) | AY5: =IF($A5="","",IF(F5="",0,IF(F5=IF($B5="언어와 매체",자동계산!$D$5,자동계산!$B$5),IF($B5="언어와 매체",자동계산!$E$5,자동계산!$C$5),0))) | AZ5: =IF($A5="","",IF(G5="",0,IF(G5=IF($B5="언어와 매체",자동계산!$D$6,자동계산!$B$6),IF($B5="언어와 매체",자동계산!$E$6,자동계산!$C$6),0))) | BA5: =IF($A5="","",IF(H5="",0,IF(H5=IF($B5="언어와 매체",자동계산!$D$7,자동계산!$B$7),IF($B5="언어와 매체",자동계산!$E$7,자동계산!$C$7),0))) | BB5: =IF($A5="","",IF(I5="",0,IF(I5=IF($B5="언어와 매체",자동계산!$D$8,자동계산!$B$8),IF($B5="언어와 매체",자동계산!$E$8,자동계산!$C$8),0))) | BC5: =IF($A5="","",IF(J5="",0,IF(J5=IF($B5="언어와 매체",자동계산!$D$9,자동계산!$B$9),IF($B5="언어와 매체",자동계산!$E$9,자동계산!$C$9),0))) | BD5: =IF($A5="","",IF(K5="",0,IF(K5=IF($B5="언어와 매체",자동계산!$D$10,자동계산!$B$10),IF($B5="언어와 매체",자동계산!$E$10,자동계산!$C$10),0))) | BE5: =IF($A5="","",IF(L5="",0,IF(L5=IF($B5="언어와 매체",자동계산!$D$11,자동계산!$B$11),IF($B5="언어와 매체",자동계산!$E$11,자동계산!$C$11),0))) | BF5: =IF($A5="","",IF(M5="",0,IF(M5=IF($B5="언어와 매체",자동계산!$D$12,자동계산!$B$12),IF($B5="언어와 매체",자동계산!$E$12,자동계산!$C$12),0))) | BG5: =IF($A5="","",IF(N5="",0,IF(N5=IF($B5="언어와 매체",자동계산!$D$13,자동계산!$B$13),IF($B5="언어와 매체",자동계산!$E$13,자동계산!$C$13),0))) | BH5: =IF($A5="","",IF(O5="",0,IF(O5=IF($B5="언어와 매체",자동계산!$D$14,자동계산!$B$14),IF($B5="언어와 매체",자동계산!$E$14,자동계산!$C$14),0))) | BI5: =IF($A5="","",IF(P5="",0,IF(P5=IF($B5="언어와 매체",자동계산!$D$15,자동계산!$B$15),IF($B5="언어와 매체",자동계산!$E$15,자동계산!$C$15),0))) | BJ5: =IF($A5="","",IF(Q5="",0,IF(Q5=IF($B5="언어와 매체",자동계산!$D$16,자동계산!$B$16),IF($B5="언어와 매체",자동계산!$E$16,자동계산!$C$16),0))) | BK5: =IF($A5="","",IF(R5="",0,IF(R5=IF($B5="언어와 매체",자동계산!$D$17,자동계산!$B$17),IF($B5="언어와 매체",자동계산!$E$17,자동계산!$C$17),0))) | BL5: =IF($A5="","",IF(S5="",0,IF(S5=IF($B5="언어와 매체",자동계산!$D$18,자동계산!$B$18),IF($B5="언어와 매체",자동계산!$E$18,자동계산!$C$18),0))) | BM5: =IF($A5="","",IF(T5="",0,IF(T5=IF($B5="언어와 매체",자동계산!$D$19,자동계산!$B$19),IF($B5="언어와 매체",자동계산!$E$19,자동계산!$C$19),0))) | BN5: =IF($A5="","",IF(U5="",0,IF(U5=IF($B5="언어와 매체",자동계산!$D$20,자동계산!$B$20),IF($B5="언어와 매체",자동계산!$E$20,자동계산!$C$20),0))) | BO5: =IF($A5="","",IF(V5="",0,IF(V5=IF($B5="언어와 매체",자동계산!$D$21,자동계산!$B$21),IF($B5="언어와 매체",자동계산!$E$21,자동계산!$C$21),0))) | BP5: =IF($A5="","",IF(W5="",0,IF(W5=IF($B5="언어와 매체",자동계산!$D$22,자동계산!$B$22),IF($B5="언어와 매체",자동계산!$E$22,자동계산!$C$22),0))) | BQ5: =IF($A5="","",IF(X5="",0,IF(X5=IF($B5="언어와 매체",자동계산!$D$23,자동계산!$B$23),IF($B5="언어와 매체",자동계산!$E$23,자동계산!$C$23),0))) | BR5: =IF($A5="","",IF(Y5="",0,IF(Y5=IF($B5="언어와 매체",자동계산!$D$24,자동계산!$B$24),IF($B5="언어와 매체",자동계산!$E$24,자동계산!$C$24),0))) | BS5: =IF($A5="","",IF(Z5="",0,IF(Z5=IF($B5="언어와 매체",자동계산!$D$25,자동계산!$B$25),IF($B5="언어와 매체",자동계산!$E$25,자동계산!$C$25),0))) | BT5: =IF($A5="","",IF(AA5="",0,IF(AA5=IF($B5="언어와 매체",자동계산!$D$26,자동계산!$B$26),IF($B5="언어와 매체",자동계산!$E$26,자동계산!$C$26),0))) | BU5: =IF($A5="","",IF(AB5="",0,IF(AB5=IF($B5="언어와 매체",자동계산!$D$27,자동계산!$B$27),IF($B5="언어와 매체",자동계산!$E$27,자동계산!$C$27),0))) | BV5: =IF($A5="","",IF(AC5="",0,IF(AC5=IF($B5="언어와 매체",자동계산!$D$28,자동계산!$B$28),IF($B5="언어와 매체",자동계산!$E$28,자동계산!$C$28),0))) | BW5: =IF($A5="","",IF(AD5="",0,IF(AD5=IF($B5="언어와 매체",자동계산!$D$29,자동계산!$B$29),IF($B5="언어와 매체",자동계산!$E$29,자동계산!$C$29),0))) | BX5: =IF($A5="","",IF(AE5="",0,IF(AE5=IF($B5="언어와 매체",자동계산!$D$30,자동계산!$B$30),IF($B5="언어와 매체",자동계산!$E$30,자동계산!$C$30),0))) | BY5: =IF($A5="","",IF(AF5="",0,IF(AF5=IF($B5="언어와 매체",자동계산!$D$31,자동계산!$B$31),IF($B5="언어와 매체",자동계산!$E$31,자동계산!$C$31),0))) | BZ5: =IF($A5="","",IF(AG5="",0,IF(AG5=IF($B5="언어와 매체",자동계산!$D$32,자동계산!$B$32),IF($B5="언어와 매체",자동계산!$E$32,자동계산!$C$32),0))) | CA5: =IF($A5="","",IF(AH5="",0,IF(AH5=IF($B5="언어와 매체",자동계산!$D$33,자동계산!$B$33),IF($B5="언어와 매체",자동계산!$E$33,자동계산!$C$33),0))) | CB5: =IF($A5="","",IF(AI5="",0,IF(AI5=IF($B5="언어와 매체",자동계산!$D$34,자동계산!$B$34),IF($B5="언어와 매체",자동계산!$E$34,자동계산!$C$34),0))) | CC5: =IF($A5="","",IF(AJ5="",0,IF(AJ5=IF($B5="언어와 매체",자동계산!$D$35,자동계산!$B$35),IF($B5="언어와 매체",자동계산!$E$35,자동계산!$C$35),0))) | CD5: =IF($A5="","",IF(AK5="",0,IF(AK5=IF($B5="언어와 매체",자동계산!$D$36,자동계산!$B$36),IF($B5="언어와 매체",자동계산!$E$36,자동계산!$C$36),0))) | CE5: =IF($A5="","",IF(AL5="",0,IF(AL5=IF($B5="언어와 매체",자동계산!$D$37,자동계산!$B$37),IF($B5="언어와 매체",자동계산!$E$37,자동계산!$C$37),0))) | CF5: =IF($A5="","",IF(AM5="",0,IF(AM5=IF($B5="언어와 매체",자동계산!$D$38,자동계산!$B$38),IF($B5="언어와 매체",자동계산!$E$38,자동계산!$C$38),0))) | CG5: =IF($A5="","",IF(AN5="",0,IF(AN5=IF($B5="언어와 매체",자동계산!$D$39,자동계산!$B$39),IF($B5="언어와 매체",자동계산!$E$39,자동계산!$C$39),0))) | CH5: =IF($A5="","",IF(AO5="",0,IF(AO5=IF($B5="언어와 매체",자동계산!$D$40,자동계산!$B$40),IF($B5="언어와 매체",자동계산!$E$40,자동계산!$C$40),0))) | CI5: =IF($A5="","",IF(AP5="",0,IF(AP5=IF($B5="언어와 매체",자동계산!$D$41,자동계산!$B$41),IF($B5="언어와 매체",자동계산!$E$41,자동계산!$C$41),0))) | CJ5: =IF($A5="","",IF(AQ5="",0,IF(AQ5=IF($B5="언어와 매체",자동계산!$D$42,자동계산!$B$42),IF($B5="언어와 매체",자동계산!$E$42,자동계산!$C$42),0))) | CK5: =IF($A5="","",IF(AR5="",0,IF(AR5=IF($B5="언어와 매체",자동계산!$D$43,자동계산!$B$43),IF($B5="언어와 매체",자동계산!$E$43,자동계산!$C$43),0))) | CL5: =IF($A5="","",IF(AS5="",0,IF(AS5=IF($B5="언어와 매체",자동계산!$D$44,자동계산!$B$44),IF($B5="언어와 매체",자동계산!$E$44,자동계산!$C$44),0))) | CM5: =IF($A5="","",IF(AT5="",0,IF(AT5=IF($B5="언어와 매체",자동계산!$D$45,자동계산!$B$45),IF($B5="언어와 매체",자동계산!$E$45,자동계산!$C$45),0))) | CN5: =IF($A5="","",IF(AU5="",0,IF(AU5=IF($B5="언어와 매체",자동계산!$D$46,자동계산!$B$46),IF($B5="언어와 매체",자동계산!$E$46,자동계산!$C$46),0))) | CO5: =IF($A5="","",IF(AV5="",0,IF(AV5=IF($B5="언어와 매체",자동계산!$D$47,자동계산!$B$47),IF($B5="언어와 매체",자동계산!$E$47,자동계산!$C$47),0))) | CP5: =IF($A5="","",IF(AW5="",0,IF(AW5=IF($B5="언어와 매체",자동계산!$D$48,자동계산!$B$48),IF($B5="언어와 매체",자동계산!$E$48,자동계산!$C$48),0)))
A6: =IF(답안입력!A6="","",답안입력!A6) | B6: =IF($A6="","",답안입력!C6) | C6: =IF($A6="","",SUM(AX6:CP6)) | D6: =IF($A6="","",IF($C6>=IF($B6="언어와 매체",회차설정!$B$9,회차설정!$B$8),"1등급",IF($C6>=IF($B6="언어와 매체",회차설정!$C$9,회차설정!$C$8),"2등급",IF($C6>=IF($B6="언어와 매체",회차설정!$D$9,회차설정!$D$8),"3등급",IF($C6>=IF($B6="언어와 매체",회차설정!$E$9,회차설정!$E$8),"4등급","등급 외"))))) | E6: =IF($A6="","",IF(LEN(답안입력!$D6)>=1,VALUE(MID(답안입력!$D6,1,1)),IF(답안입력!E6="","",답안입력!E6))) | F6: =IF($A6="","",IF(LEN(답안입력!$D6)>=2,VALUE(MID(답안입력!$D6,2,1)),IF(답안입력!F6="","",답안입력!F6))) | G6: =IF($A6="","",IF(LEN(답안입력!$D6)>=3,VALUE(MID(답안입력!$D6,3,1)),IF(답안입력!G6="","",답안입력!G6))) | H6: =IF($A6="","",IF(LEN(답안입력!$D6)>=4,VALUE(MID(답안입력!$D6,4,1)),IF(답안입력!H6="","",답안입력!H6))) | I6: =IF($A6="","",IF(LEN(답안입력!$D6)>=5,VALUE(MID(답안입력!$D6,5,1)),IF(답안입력!I6="","",답안입력!I6))) | J6: =IF($A6="","",IF(LEN(답안입력!$D6)>=6,VALUE(MID(답안입력!$D6,6,1)),IF(답안입력!J6="","",답안입력!J6))) | K6: =IF($A6="","",IF(LEN(답안입력!$D6)>=7,VALUE(MID(답안입력!$D6,7,1)),IF(답안입력!K6="","",답안입력!K6))) | L6: =IF($A6="","",IF(LEN(답안입력!$D6)>=8,VALUE(MID(답안입력!$D6,8,1)),IF(답안입력!L6="","",답안입력!L6))) | M6: =IF($A6="","",IF(LEN(답안입력!$D6)>=9,VALUE(MID(답안입력!$D6,9,1)),IF(답안입력!M6="","",답안입력!M6))) | N6: =IF($A6="","",IF(LEN(답안입력!$D6)>=10,VALUE(MID(답안입력!$D6,10,1)),IF(답안입력!N6="","",답안입력!N6))) | O6: =IF($A6="","",IF(LEN(답안입력!$D6)>=11,VALUE(MID(답안입력!$D6,11,1)),IF(답안입력!O6="","",답안입력!O6))) | P6: =IF($A6="","",IF(LEN(답안입력!$D6)>=12,VALUE(MID(답안입력!$D6,12,1)),IF(답안입력!P6="","",답안입력!P6))) | Q6: =IF($A6="","",IF(LEN(답안입력!$D6)>=13,VALUE(MID(답안입력!$D6,13,1)),IF(답안입력!Q6="","",답안입력!Q6))) | R6: =IF($A6="","",IF(LEN(답안입력!$D6)>=14,VALUE(MID(답안입력!$D6,14,1)),IF(답안입력!R6="","",답안입력!R6))) | S6: =IF($A6="","",IF(LEN(답안입력!$D6)>=15,VALUE(MID(답안입력!$D6,15,1)),IF(답안입력!S6="","",답안입력!S6))) | T6: =IF($A6="","",IF(LEN(답안입력!$D6)>=16,VALUE(MID(답안입력!$D6,16,1)),IF(답안입력!T6="","",답안입력!T6))) | U6: =IF($A6="","",IF(LEN(답안입력!$D6)>=17,VALUE(MID(답안입력!$D6,17,1)),IF(답안입력!U6="","",답안입력!U6))) | V6: =IF($A6="","",IF(LEN(답안입력!$D6)>=18,VALUE(MID(답안입력!$D6,18,1)),IF(답안입력!V6="","",답안입력!V6))) | W6: =IF($A6="","",IF(LEN(답안입력!$D6)>=19,VALUE(MID(답안입력!$D6,19,1)),IF(답안입력!W6="","",답안입력!W6))) | X6: =IF($A6="","",IF(LEN(답안입력!$D6)>=20,VALUE(MID(답안입력!$D6,20,1)),IF(답안입력!X6="","",답안입력!X6))) | Y6: =IF($A6="","",IF(LEN(답안입력!$D6)>=21,VALUE(MID(답안입력!$D6,21,1)),IF(답안입력!Y6="","",답안입력!Y6))) | Z6: =IF($A6="","",IF(LEN(답안입력!$D6)>=22,VALUE(MID(답안입력!$D6,22,1)),IF(답안입력!Z6="","",답안입력!Z6))) | AA6: =IF($A6="","",IF(LEN(답안입력!$D6)>=23,VALUE(MID(답안입력!$D6,23,1)),IF(답안입력!AA6="","",답안입력!AA6))) | AB6: =IF($A6="","",IF(LEN(답안입력!$D6)>=24,VALUE(MID(답안입력!$D6,24,1)),IF(답안입력!AB6="","",답안입력!AB6))) | AC6: =IF($A6="","",IF(LEN(답안입력!$D6)>=25,VALUE(MID(답안입력!$D6,25,1)),IF(답안입력!AC6="","",답안입력!AC6))) | AD6: =IF($A6="","",IF(LEN(답안입력!$D6)>=26,VALUE(MID(답안입력!$D6,26,1)),IF(답안입력!AD6="","",답안입력!AD6))) | AE6: =IF($A6="","",IF(LEN(답안입력!$D6)>=27,VALUE(MID(답안입력!$D6,27,1)),IF(답안입력!AE6="","",답안입력!AE6))) | AF6: =IF($A6="","",IF(LEN(답안입력!$D6)>=28,VALUE(MID(답안입력!$D6,28,1)),IF(답안입력!AF6="","",답안입력!AF6))) | AG6: =IF($A6="","",IF(LEN(답안입력!$D6)>=29,VALUE(MID(답안입력!$D6,29,1)),IF(답안입력!AG6="","",답안입력!AG6))) | AH6: =IF($A6="","",IF(LEN(답안입력!$D6)>=30,VALUE(MID(답안입력!$D6,30,1)),IF(답안입력!AH6="","",답안입력!AH6))) | AI6: =IF($A6="","",IF(LEN(답안입력!$D6)>=31,VALUE(MID(답안입력!$D6,31,1)),IF(답안입력!AI6="","",답안입력!AI6))) | AJ6: =IF($A6="","",IF(LEN(답안입력!$D6)>=32,VALUE(MID(답안입력!$D6,32,1)),IF(답안입력!AJ6="","",답안입력!AJ6))) | AK6: =IF($A6="","",IF(LEN(답안입력!$D6)>=33,VALUE(MID(답안입력!$D6,33,1)),IF(답안입력!AK6="","",답안입력!AK6))) | AL6: =IF($A6="","",IF(LEN(답안입력!$D6)>=34,VALUE(MID(답안입력!$D6,34,1)),IF(답안입력!AL6="","",답안입력!AL6))) | AM6: =IF($A6="","",IF(LEN(답안입력!$D6)>=35,VALUE(MID(답안입력!$D6,35,1)),IF(답안입력!AM6="","",답안입력!AM6))) | AN6: =IF($A6="","",IF(LEN(답안입력!$D6)>=36,VALUE(MID(답안입력!$D6,36,1)),IF(답안입력!AN6="","",답안입력!AN6))) | AO6: =IF($A6="","",IF(LEN(답안입력!$D6)>=37,VALUE(MID(답안입력!$D6,37,1)),IF(답안입력!AO6="","",답안입력!AO6))) | AP6: =IF($A6="","",IF(LEN(답안입력!$D6)>=38,VALUE(MID(답안입력!$D6,38,1)),IF(답안입력!AP6="","",답안입력!AP6))) | AQ6: =IF($A6="","",IF(LEN(답안입력!$D6)>=39,VALUE(MID(답안입력!$D6,39,1)),IF(답안입력!AQ6="","",답안입력!AQ6))) | AR6: =IF($A6="","",IF(LEN(답안입력!$D6)>=40,VALUE(MID(답안입력!$D6,40,1)),IF(답안입력!AR6="","",답안입력!AR6))) | AS6: =IF($A6="","",IF(LEN(답안입력!$D6)>=41,VALUE(MID(답안입력!$D6,41,1)),IF(답안입력!AS6="","",답안입력!AS6))) | AT6: =IF($A6="","",IF(LEN(답안입력!$D6)>=42,VALUE(MID(답안입력!$D6,42,1)),IF(답안입력!AT6="","",답안입력!AT6))) | AU6: =IF($A6="","",IF(LEN(답안입력!$D6)>=43,VALUE(MID(답안입력!$D6,43,1)),IF(답안입력!AU6="","",답안입력!AU6))) | AV6: =IF($A6="","",IF(LEN(답안입력!$D6)>=44,VALUE(MID(답안입력!$D6,44,1)),IF(답안입력!AV6="","",답안입력!AV6))) | AW6: =IF($A6="","",IF(LEN(답안입력!$D6)>=45,VALUE(MID(답안입력!$D6,45,1)),IF(답안입력!AW6="","",답안입력!AW6))) | AX6: =IF($A6="","",IF(E6="",0,IF(E6=IF($B6="언어와 매체",자동계산!$D$4,자동계산!$B$4),IF($B6="언어와 매체",자동계산!$E$4,자동계산!$C$4),0))) | AY6: =IF($A6="","",IF(F6="",0,IF(F6=IF($B6="언어와 매체",자동계산!$D$5,자동계산!$B$5),IF($B6="언어와 매체",자동계산!$E$5,자동계산!$C$5),0))) | AZ6: =IF($A6="","",IF(G6="",0,IF(G6=IF($B6="언어와 매체",자동계산!$D$6,자동계산!$B$6),IF($B6="언어와 매체",자동계산!$E$6,자동계산!$C$6),0))) | BA6: =IF($A6="","",IF(H6="",0,IF(H6=IF($B6="언어와 매체",자동계산!$D$7,자동계산!$B$7),IF($B6="언어와 매체",자동계산!$E$7,자동계산!$C$7),0))) | BB6: =IF($A6="","",IF(I6="",0,IF(I6=IF($B6="언어와 매체",자동계산!$D$8,자동계산!$B$8),IF($B6="언어와 매체",자동계산!$E$8,자동계산!$C$8),0))) | BC6: =IF($A6="","",IF(J6="",0,IF(J6=IF($B6="언어와 매체",자동계산!$D$9,자동계산!$B$9),IF($B6="언어와 매체",자동계산!$E$9,자동계산!$C$9),0))) | BD6: =IF($A6="","",IF(K6="",0,IF(K6=IF($B6="언어와 매체",자동계산!$D$10,자동계산!$B$10),IF($B6="언어와 매체",자동계산!$E$10,자동계산!$C$10),0))) | BE6: =IF($A6="","",IF(L6="",0,IF(L6=IF($B6="언어와 매체",자동계산!$D$11,자동계산!$B$11),IF($B6="언어와 매체",자동계산!$E$11,자동계산!$C$11),0))) | BF6: =IF($A6="","",IF(M6="",0,IF(M6=IF($B6="언어와 매체",자동계산!$D$12,자동계산!$B$12),IF($B6="언어와 매체",자동계산!$E$12,자동계산!$C$12),0))) | BG6: =IF($A6="","",IF(N6="",0,IF(N6=IF($B6="언어와 매체",자동계산!$D$13,자동계산!$B$13),IF($B6="언어와 매체",자동계산!$E$13,자동계산!$C$13),0))) | BH6: =IF($A6="","",IF(O6="",0,IF(O6=IF($B6="언어와 매체",자동계산!$D$14,자동계산!$B$14),IF($B6="언어와 매체",자동계산!$E$14,자동계산!$C$14),0))) | BI6: =IF($A6="","",IF(P6="",0,IF(P6=IF($B6="언어와 매체",자동계산!$D$15,자동계산!$B$15),IF($B6="언어와 매체",자동계산!$E$15,자동계산!$C$15),0))) | BJ6: =IF($A6="","",IF(Q6="",0,IF(Q6=IF($B6="언어와 매체",자동계산!$D$16,자동계산!$B$16),IF($B6="언어와 매체",자동계산!$E$16,자동계산!$C$16),0))) | BK6: =IF($A6="","",IF(R6="",0,IF(R6=IF($B6="언어와 매체",자동계산!$D$17,자동계산!$B$17),IF($B6="언어와 매체",자동계산!$E$17,자동계산!$C$17),0))) | BL6: =IF($A6="","",IF(S6="",0,IF(S6=IF($B6="언어와 매체",자동계산!$D$18,자동계산!$B$18),IF($B6="언어와 매체",자동계산!$E$18,자동계산!$C$18),0))) | BM6: =IF($A6="","",IF(T6="",0,IF(T6=IF($B6="언어와 매체",자동계산!$D$19,자동계산!$B$19),IF($B6="언어와 매체",자동계산!$E$19,자동계산!$C$19),0))) | BN6: =IF($A6="","",IF(U6="",0,IF(U6=IF($B6="언어와 매체",자동계산!$D$20,자동계산!$B$20),IF($B6="언어와 매체",자동계산!$E$20,자동계산!$C$20),0))) | BO6: =IF($A6="","",IF(V6="",0,IF(V6=IF($B6="언어와 매체",자동계산!$D$21,자동계산!$B$21),IF($B6="언어와 매체",자동계산!$E$21,자동계산!$C$21),0))) | BP6: =IF($A6="","",IF(W6="",0,IF(W6=IF($B6="언어와 매체",자동계산!$D$22,자동계산!$B$22),IF($B6="언어와 매체",자동계산!$E$22,자동계산!$C$22),0))) | BQ6: =IF($A6="","",IF(X6="",0,IF(X6=IF($B6="언어와 매체",자동계산!$D$23,자동계산!$B$23),IF($B6="언어와 매체",자동계산!$E$23,자동계산!$C$23),0))) | BR6: =IF($A6="","",IF(Y6="",0,IF(Y6=IF($B6="언어와 매체",자동계산!$D$24,자동계산!$B$24),IF($B6="언어와 매체",자동계산!$E$24,자동계산!$C$24),0))) | BS6: =IF($A6="","",IF(Z6="",0,IF(Z6=IF($B6="언어와 매체",자동계산!$D$25,자동계산!$B$25),IF($B6="언어와 매체",자동계산!$E$25,자동계산!$C$25),0))) | BT6: =IF($A6="","",IF(AA6="",0,IF(AA6=IF($B6="언어와 매체",자동계산!$D$26,자동계산!$B$26),IF($B6="언어와 매체",자동계산!$E$26,자동계산!$C$26),0))) | BU6: =IF($A6="","",IF(AB6="",0,IF(AB6=IF($B6="언어와 매체",자동계산!$D$27,자동계산!$B$27),IF($B6="언어와 매체",자동계산!$E$27,자동계산!$C$27),0))) | BV6: =IF($A6="","",IF(AC6="",0,IF(AC6=IF($B6="언어와 매체",자동계산!$D$28,자동계산!$B$28),IF($B6="언어와 매체",자동계산!$E$28,자동계산!$C$28),0))) | BW6: =IF($A6="","",IF(AD6="",0,IF(AD6=IF($B6="언어와 매체",자동계산!$D$29,자동계산!$B$29),IF($B6="언어와 매체",자동계산!$E$29,자동계산!$C$29),0))) | BX6: =IF($A6="","",IF(AE6="",0,IF(AE6=IF($B6="언어와 매체",자동계산!$D$30,자동계산!$B$30),IF($B6="언어와 매체",자동계산!$E$30,자동계산!$C$30),0))) | BY6: =IF($A6="","",IF(AF6="",0,IF(AF6=IF($B6="언어와 매체",자동계산!$D$31,자동계산!$B$31),IF($B6="언어와 매체",자동계산!$E$31,자동계산!$C$31),0))) | BZ6: =IF($A6="","",IF(AG6="",0,IF(AG6=IF($B6="언어와 매체",자동계산!$D$32,자동계산!$B$32),IF($B6="언어와 매체",자동계산!$E$32,자동계산!$C$32),0))) | CA6: =IF($A6="","",IF(AH6="",0,IF(AH6=IF($B6="언어와 매체",자동계산!$D$33,자동계산!$B$33),IF($B6="언어와 매체",자동계산!$E$33,자동계산!$C$33),0))) | CB6: =IF($A6="","",IF(AI6="",0,IF(AI6=IF($B6="언어와 매체",자동계산!$D$34,자동계산!$B$34),IF($B6="언어와 매체",자동계산!$E$34,자동계산!$C$34),0))) | CC6: =IF($A6="","",IF(AJ6="",0,IF(AJ6=IF($B6="언어와 매체",자동계산!$D$35,자동계산!$B$35),IF($B6="언어와 매체",자동계산!$E$35,자동계산!$C$35),0))) | CD6: =IF($A6="","",IF(AK6="",0,IF(AK6=IF($B6="언어와 매체",자동계산!$D$36,자동계산!$B$36),IF($B6="언어와 매체",자동계산!$E$36,자동계산!$C$36),0))) | CE6: =IF($A6="","",IF(AL6="",0,IF(AL6=IF($B6="언어와 매체",자동계산!$D$37,자동계산!$B$37),IF($B6="언어와 매체",자동계산!$E$37,자동계산!$C$37),0))) | CF6: =IF($A6="","",IF(AM6="",0,IF(AM6=IF($B6="언어와 매체",자동계산!$D$38,자동계산!$B$38),IF($B6="언어와 매체",자동계산!$E$38,자동계산!$C$38),0))) | CG6: =IF($A6="","",IF(AN6="",0,IF(AN6=IF($B6="언어와 매체",자동계산!$D$39,자동계산!$B$39),IF($B6="언어와 매체",자동계산!$E$39,자동계산!$C$39),0))) | CH6: =IF($A6="","",IF(AO6="",0,IF(AO6=IF($B6="언어와 매체",자동계산!$D$40,자동계산!$B$40),IF($B6="언어와 매체",자동계산!$E$40,자동계산!$C$40),0))) | CI6: =IF($A6="","",IF(AP6="",0,IF(AP6=IF($B6="언어와 매체",자동계산!$D$41,자동계산!$B$41),IF($B6="언어와 매체",자동계산!$E$41,자동계산!$C$41),0))) | CJ6: =IF($A6="","",IF(AQ6="",0,IF(AQ6=IF($B6="언어와 매체",자동계산!$D$42,자동계산!$B$42),IF($B6="언어와 매체",자동계산!$E$42,자동계산!$C$42),0))) | CK6: =IF($A6="","",IF(AR6="",0,IF(AR6=IF($B6="언어와 매체",자동계산!$D$43,자동계산!$B$43),IF($B6="언어와 매체",자동계산!$E$43,자동계산!$C$43),0))) | CL6: =IF($A6="","",IF(AS6="",0,IF(AS6=IF($B6="언어와 매체",자동계산!$D$44,자동계산!$B$44),IF($B6="언어와 매체",자동계산!$E$44,자동계산!$C$44),0))) | CM6: =IF($A6="","",IF(AT6="",0,IF(AT6=IF($B6="언어와 매체",자동계산!$D$45,자동계산!$B$45),IF($B6="언어와 매체",자동계산!$E$45,자동계산!$C$45),0))) | CN6: =IF($A6="","",IF(AU6="",0,IF(AU6=IF($B6="언어와 매체",자동계산!$D$46,자동계산!$B$46),IF($B6="언어와 매체",자동계산!$E$46,자동계산!$C$46),0))) | CO6: =IF($A6="","",IF(AV6="",0,IF(AV6=IF($B6="언어와 매체",자동계산!$D$47,자동계산!$B$47),IF($B6="언어와 매체",자동계산!$E$47,자동계산!$C$47),0))) | CP6: =IF($A6="","",IF(AW6="",0,IF(AW6=IF($B6="언어와 매체",자동계산!$D$48,자동계산!$B$48),IF($B6="언어와 매체",자동계산!$E$48,자동계산!$C$48),0)))
A7: =IF(답안입력!A7="","",답안입력!A7) | B7: =IF($A7="","",답안입력!C7) | C7: =IF($A7="","",SUM(AX7:CP7)) | D7: =IF($A7="","",IF($C7>=IF($B7="언어와 매체",회차설정!$B$9,회차설정!$B$8),"1등급",IF($C7>=IF($B7="언어와 매체",회차설정!$C$9,회차설정!$C$8),"2등급",IF($C7>=IF($B7="언어와 매체",회차설정!$D$9,회차설정!$D$8),"3등급",IF($C7>=IF($B7="언어와 매체",회차설정!$E$9,회차설정!$E$8),"4등급","등급 외"))))) | E7: =IF($A7="","",IF(LEN(답안입력!$D7)>=1,VALUE(MID(답안입력!$D7,1,1)),IF(답안입력!E7="","",답안입력!E7))) | F7: =IF($A7="","",IF(LEN(답안입력!$D7)>=2,VALUE(MID(답안입력!$D7,2,1)),IF(답안입력!F7="","",답안입력!F7))) | G7: =IF($A7="","",IF(LEN(답안입력!$D7)>=3,VALUE(MID(답안입력!$D7,3,1)),IF(답안입력!G7="","",답안입력!G7))) | H7: =IF($A7="","",IF(LEN(답안입력!$D7)>=4,VALUE(MID(답안입력!$D7,4,1)),IF(답안입력!H7="","",답안입력!H7))) | I7: =IF($A7="","",IF(LEN(답안입력!$D7)>=5,VALUE(MID(답안입력!$D7,5,1)),IF(답안입력!I7="","",답안입력!I7))) | J7: =IF($A7="","",IF(LEN(답안입력!$D7)>=6,VALUE(MID(답안입력!$D7,6,1)),IF(답안입력!J7="","",답안입력!J7))) | K7: =IF($A7="","",IF(LEN(답안입력!$D7)>=7,VALUE(MID(답안입력!$D7,7,1)),IF(답안입력!K7="","",답안입력!K7))) | L7: =IF($A7="","",IF(LEN(답안입력!$D7)>=8,VALUE(MID(답안입력!$D7,8,1)),IF(답안입력!L7="","",답안입력!L7))) | M7: =IF($A7="","",IF(LEN(답안입력!$D7)>=9,VALUE(MID(답안입력!$D7,9,1)),IF(답안입력!M7="","",답안입력!M7))) | N7: =IF($A7="","",IF(LEN(답안입력!$D7)>=10,VALUE(MID(답안입력!$D7,10,1)),IF(답안입력!N7="","",답안입력!N7))) | O7: =IF($A7="","",IF(LEN(답안입력!$D7)>=11,VALUE(MID(답안입력!$D7,11,1)),IF(답안입력!O7="","",답안입력!O7))) | P7: =IF($A7="","",IF(LEN(답안입력!$D7)>=12,VALUE(MID(답안입력!$D7,12,1)),IF(답안입력!P7="","",답안입력!P7))) | Q7: =IF($A7="","",IF(LEN(답안입력!$D7)>=13,VALUE(MID(답안입력!$D7,13,1)),IF(답안입력!Q7="","",답안입력!Q7))) | R7: =IF($A7="","",IF(LEN(답안입력!$D7)>=14,VALUE(MID(답안입력!$D7,14,1)),IF(답안입력!R7="","",답안입력!R7))) | S7: =IF($A7="","",IF(LEN(답안입력!$D7)>=15,VALUE(MID(답안입력!$D7,15,1)),IF(답안입력!S7="","",답안입력!S7))) | T7: =IF($A7="","",IF(LEN(답안입력!$D7)>=16,VALUE(MID(답안입력!$D7,16,1)),IF(답안입력!T7="","",답안입력!T7))) | U7: =IF($A7="","",IF(LEN(답안입력!$D7)>=17,VALUE(MID(답안입력!$D7,17,1)),IF(답안입력!U7="","",답안입력!U7))) | V7: =IF($A7="","",IF(LEN(답안입력!$D7)>=18,VALUE(MID(답안입력!$D7,18,1)),IF(답안입력!V7="","",답안입력!V7))) | W7: =IF($A7="","",IF(LEN(답안입력!$D7)>=19,VALUE(MID(답안입력!$D7,19,1)),IF(답안입력!W7="","",답안입력!W7))) | X7: =IF($A7="","",IF(LEN(답안입력!$D7)>=20,VALUE(MID(답안입력!$D7,20,1)),IF(답안입력!X7="","",답안입력!X7))) | Y7: =IF($A7="","",IF(LEN(답안입력!$D7)>=21,VALUE(MID(답안입력!$D7,21,1)),IF(답안입력!Y7="","",답안입력!Y7))) | Z7: =IF($A7="","",IF(LEN(답안입력!$D7)>=22,VALUE(MID(답안입력!$D7,22,1)),IF(답안입력!Z7="","",답안입력!Z7))) | AA7: =IF($A7="","",IF(LEN(답안입력!$D7)>=23,VALUE(MID(답안입력!$D7,23,1)),IF(답안입력!AA7="","",답안입력!AA7))) | AB7: =IF($A7="","",IF(LEN(답안입력!$D7)>=24,VALUE(MID(답안입력!$D7,24,1)),IF(답안입력!AB7="","",답안입력!AB7))) | AC7: =IF($A7="","",IF(LEN(답안입력!$D7)>=25,VALUE(MID(답안입력!$D7,25,1)),IF(답안입력!AC7="","",답안입력!AC7))) | AD7: =IF($A7="","",IF(LEN(답안입력!$D7)>=26,VALUE(MID(답안입력!$D7,26,1)),IF(답안입력!AD7="","",답안입력!AD7))) | AE7: =IF($A7="","",IF(LEN(답안입력!$D7)>=27,VALUE(MID(답안입력!$D7,27,1)),IF(답안입력!AE7="","",답안입력!AE7))) | AF7: =IF($A7="","",IF(LEN(답안입력!$D7)>=28,VALUE(MID(답안입력!$D7,28,1)),IF(답안입력!AF7="","",답안입력!AF7))) | AG7: =IF($A7="","",IF(LEN(답안입력!$D7)>=29,VALUE(MID(답안입력!$D7,29,1)),IF(답안입력!AG7="","",답안입력!AG7))) | AH7: =IF($A7="","",IF(LEN(답안입력!$D7)>=30,VALUE(MID(답안입력!$D7,30,1)),IF(답안입력!AH7="","",답안입력!AH7))) | AI7: =IF($A7="","",IF(LEN(답안입력!$D7)>=31,VALUE(MID(답안입력!$D7,31,1)),IF(답안입력!AI7="","",답안입력!AI7))) | AJ7: =IF($A7="","",IF(LEN(답안입력!$D7)>=32,VALUE(MID(답안입력!$D7,32,1)),IF(답안입력!AJ7="","",답안입력!AJ7))) | AK7: =IF($A7="","",IF(LEN(답안입력!$D7)>=33,VALUE(MID(답안입력!$D7,33,1)),IF(답안입력!AK7="","",답안입력!AK7))) | AL7: =IF($A7="","",IF(LEN(답안입력!$D7)>=34,VALUE(MID(답안입력!$D7,34,1)),IF(답안입력!AL7="","",답안입력!AL7))) | AM7: =IF($A7="","",IF(LEN(답안입력!$D7)>=35,VALUE(MID(답안입력!$D7,35,1)),IF(답안입력!AM7="","",답안입력!AM7))) | AN7: =IF($A7="","",IF(LEN(답안입력!$D7)>=36,VALUE(MID(답안입력!$D7,36,1)),IF(답안입력!AN7="","",답안입력!AN7))) | AO7: =IF($A7="","",IF(LEN(답안입력!$D7)>=37,VALUE(MID(답안입력!$D7,37,1)),IF(답안입력!AO7="","",답안입력!AO7))) | AP7: =IF($A7="","",IF(LEN(답안입력!$D7)>=38,VALUE(MID(답안입력!$D7,38,1)),IF(답안입력!AP7="","",답안입력!AP7))) | AQ7: =IF($A7="","",IF(LEN(답안입력!$D7)>=39,VALUE(MID(답안입력!$D7,39,1)),IF(답안입력!AQ7="","",답안입력!AQ7))) | AR7: =IF($A7="","",IF(LEN(답안입력!$D7)>=40,VALUE(MID(답안입력!$D7,40,1)),IF(답안입력!AR7="","",답안입력!AR7))) | AS7: =IF($A7="","",IF(LEN(답안입력!$D7)>=41,VALUE(MID(답안입력!$D7,41,1)),IF(답안입력!AS7="","",답안입력!AS7))) | AT7: =IF($A7="","",IF(LEN(답안입력!$D7)>=42,VALUE(MID(답안입력!$D7,42,1)),IF(답안입력!AT7="","",답안입력!AT7))) | AU7: =IF($A7="","",IF(LEN(답안입력!$D7)>=43,VALUE(MID(답안입력!$D7,43,1)),IF(답안입력!AU7="","",답안입력!AU7))) | AV7: =IF($A7="","",IF(LEN(답안입력!$D7)>=44,VALUE(MID(답안입력!$D7,44,1)),IF(답안입력!AV7="","",답안입력!AV7))) | AW7: =IF($A7="","",IF(LEN(답안입력!$D7)>=45,VALUE(MID(답안입력!$D7,45,1)),IF(답안입력!AW7="","",답안입력!AW7))) | AX7: =IF($A7="","",IF(E7="",0,IF(E7=IF($B7="언어와 매체",자동계산!$D$4,자동계산!$B$4),IF($B7="언어와 매체",자동계산!$E$4,자동계산!$C$4),0))) | AY7: =IF($A7="","",IF(F7="",0,IF(F7=IF($B7="언어와 매체",자동계산!$D$5,자동계산!$B$5),IF($B7="언어와 매체",자동계산!$E$5,자동계산!$C$5),0))) | AZ7: =IF($A7="","",IF(G7="",0,IF(G7=IF($B7="언어와 매체",자동계산!$D$6,자동계산!$B$6),IF($B7="언어와 매체",자동계산!$E$6,자동계산!$C$6),0))) | BA7: =IF($A7="","",IF(H7="",0,IF(H7=IF($B7="언어와 매체",자동계산!$D$7,자동계산!$B$7),IF($B7="언어와 매체",자동계산!$E$7,자동계산!$C$7),0))) | BB7: =IF($A7="","",IF(I7="",0,IF(I7=IF($B7="언어와 매체",자동계산!$D$8,자동계산!$B$8),IF($B7="언어와 매체",자동계산!$E$8,자동계산!$C$8),0))) | BC7: =IF($A7="","",IF(J7="",0,IF(J7=IF($B7="언어와 매체",자동계산!$D$9,자동계산!$B$9),IF($B7="언어와 매체",자동계산!$E$9,자동계산!$C$9),0))) | BD7: =IF($A7="","",IF(K7="",0,IF(K7=IF($B7="언어와 매체",자동계산!$D$10,자동계산!$B$10),IF($B7="언어와 매체",자동계산!$E$10,자동계산!$C$10),0))) | BE7: =IF($A7="","",IF(L7="",0,IF(L7=IF($B7="언어와 매체",자동계산!$D$11,자동계산!$B$11),IF($B7="언어와 매체",자동계산!$E$11,자동계산!$C$11),0))) | BF7: =IF($A7="","",IF(M7="",0,IF(M7=IF($B7="언어와 매체",자동계산!$D$12,자동계산!$B$12),IF($B7="언어와 매체",자동계산!$E$12,자동계산!$C$12),0))) | BG7: =IF($A7="","",IF(N7="",0,IF(N7=IF($B7="언어와 매체",자동계산!$D$13,자동계산!$B$13),IF($B7="언어와 매체",자동계산!$E$13,자동계산!$C$13),0))) | BH7: =IF($A7="","",IF(O7="",0,IF(O7=IF($B7="언어와 매체",자동계산!$D$14,자동계산!$B$14),IF($B7="언어와 매체",자동계산!$E$14,자동계산!$C$14),0))) | BI7: =IF($A7="","",IF(P7="",0,IF(P7=IF($B7="언어와 매체",자동계산!$D$15,자동계산!$B$15),IF($B7="언어와 매체",자동계산!$E$15,자동계산!$C$15),0))) | BJ7: =IF($A7="","",IF(Q7="",0,IF(Q7=IF($B7="언어와 매체",자동계산!$D$16,자동계산!$B$16),IF($B7="언어와 매체",자동계산!$E$16,자동계산!$C$16),0))) | BK7: =IF($A7="","",IF(R7="",0,IF(R7=IF($B7="언어와 매체",자동계산!$D$17,자동계산!$B$17),IF($B7="언어와 매체",자동계산!$E$17,자동계산!$C$17),0))) | BL7: =IF($A7="","",IF(S7="",0,IF(S7=IF($B7="언어와 매체",자동계산!$D$18,자동계산!$B$18),IF($B7="언어와 매체",자동계산!$E$18,자동계산!$C$18),0))) | BM7: =IF($A7="","",IF(T7="",0,IF(T7=IF($B7="언어와 매체",자동계산!$D$19,자동계산!$B$19),IF($B7="언어와 매체",자동계산!$E$19,자동계산!$C$19),0))) | BN7: =IF($A7="","",IF(U7="",0,IF(U7=IF($B7="언어와 매체",자동계산!$D$20,자동계산!$B$20),IF($B7="언어와 매체",자동계산!$E$20,자동계산!$C$20),0))) | BO7: =IF($A7="","",IF(V7="",0,IF(V7=IF($B7="언어와 매체",자동계산!$D$21,자동계산!$B$21),IF($B7="언어와 매체",자동계산!$E$21,자동계산!$C$21),0))) | BP7: =IF($A7="","",IF(W7="",0,IF(W7=IF($B7="언어와 매체",자동계산!$D$22,자동계산!$B$22),IF($B7="언어와 매체",자동계산!$E$22,자동계산!$C$22),0))) | BQ7: =IF($A7="","",IF(X7="",0,IF(X7=IF($B7="언어와 매체",자동계산!$D$23,자동계산!$B$23),IF($B7="언어와 매체",자동계산!$E$23,자동계산!$C$23),0))) | BR7: =IF($A7="","",IF(Y7="",0,IF(Y7=IF($B7="언어와 매체",자동계산!$D$24,자동계산!$B$24),IF($B7="언어와 매체",자동계산!$E$24,자동계산!$C$24),0))) | BS7: =IF($A7="","",IF(Z7="",0,IF(Z7=IF($B7="언어와 매체",자동계산!$D$25,자동계산!$B$25),IF($B7="언어와 매체",자동계산!$E$25,자동계산!$C$25),0))) | BT7: =IF($A7="","",IF(AA7="",0,IF(AA7=IF($B7="언어와 매체",자동계산!$D$26,자동계산!$B$26),IF($B7="언어와 매체",자동계산!$E$26,자동계산!$C$26),0))) | BU7: =IF($A7="","",IF(AB7="",0,IF(AB7=IF($B7="언어와 매체",자동계산!$D$27,자동계산!$B$27),IF($B7="언어와 매체",자동계산!$E$27,자동계산!$C$27),0))) | BV7: =IF($A7="","",IF(AC7="",0,IF(AC7=IF($B7="언어와 매체",자동계산!$D$28,자동계산!$B$28),IF($B7="언어와 매체",자동계산!$E$28,자동계산!$C$28),0))) | BW7: =IF($A7="","",IF(AD7="",0,IF(AD7=IF($B7="언어와 매체",자동계산!$D$29,자동계산!$B$29),IF($B7="언어와 매체",자동계산!$E$29,자동계산!$C$29),0))) | BX7: =IF($A7="","",IF(AE7="",0,IF(AE7=IF($B7="언어와 매체",자동계산!$D$30,자동계산!$B$30),IF($B7="언어와 매체",자동계산!$E$30,자동계산!$C$30),0))) | BY7: =IF($A7="","",IF(AF7="",0,IF(AF7=IF($B7="언어와 매체",자동계산!$D$31,자동계산!$B$31),IF($B7="언어와 매체",자동계산!$E$31,자동계산!$C$31),0))) | BZ7: =IF($A7="","",IF(AG7="",0,IF(AG7=IF($B7="언어와 매체",자동계산!$D$32,자동계산!$B$32),IF($B7="언어와 매체",자동계산!$E$32,자동계산!$C$32),0))) | CA7: =IF($A7="","",IF(AH7="",0,IF(AH7=IF($B7="언어와 매체",자동계산!$D$33,자동계산!$B$33),IF($B7="언어와 매체",자동계산!$E$33,자동계산!$C$33),0))) | CB7: =IF($A7="","",IF(AI7="",0,IF(AI7=IF($B7="언어와 매체",자동계산!$D$34,자동계산!$B$34),IF($B7="언어와 매체",자동계산!$E$34,자동계산!$C$34),0))) | CC7: =IF($A7="","",IF(AJ7="",0,IF(AJ7=IF($B7="언어와 매체",자동계산!$D$35,자동계산!$B$35),IF($B7="언어와 매체",자동계산!$E$35,자동계산!$C$35),0))) | CD7: =IF($A7="","",IF(AK7="",0,IF(AK7=IF($B7="언어와 매체",자동계산!$D$36,자동계산!$B$36),IF($B7="언어와 매체",자동계산!$E$36,자동계산!$C$36),0))) | CE7: =IF($A7="","",IF(AL7="",0,IF(AL7=IF($B7="언어와 매체",자동계산!$D$37,자동계산!$B$37),IF($B7="언어와 매체",자동계산!$E$37,자동계산!$C$37),0))) | CF7: =IF($A7="","",IF(AM7="",0,IF(AM7=IF($B7="언어와 매체",자동계산!$D$38,자동계산!$B$38),IF($B7="언어와 매체",자동계산!$E$38,자동계산!$C$38),0))) | CG7: =IF($A7="","",IF(AN7="",0,IF(AN7=IF($B7="언어와 매체",자동계산!$D$39,자동계산!$B$39),IF($B7="언어와 매체",자동계산!$E$39,자동계산!$C$39),0))) | CH7: =IF($A7="","",IF(AO7="",0,IF(AO7=IF($B7="언어와 매체",자동계산!$D$40,자동계산!$B$40),IF($B7="언어와 매체",자동계산!$E$40,자동계산!$C$40),0))) | CI7: =IF($A7="","",IF(AP7="",0,IF(AP7=IF($B7="언어와 매체",자동계산!$D$41,자동계산!$B$41),IF($B7="언어와 매체",자동계산!$E$41,자동계산!$C$41),0))) | CJ7: =IF($A7="","",IF(AQ7="",0,IF(AQ7=IF($B7="언어와 매체",자동계산!$D$42,자동계산!$B$42),IF($B7="언어와 매체",자동계산!$E$42,자동계산!$C$42),0))) | CK7: =IF($A7="","",IF(AR7="",0,IF(AR7=IF($B7="언어와 매체",자동계산!$D$43,자동계산!$B$43),IF($B7="언어와 매체",자동계산!$E$43,자동계산!$C$43),0))) | CL7: =IF($A7="","",IF(AS7="",0,IF(AS7=IF($B7="언어와 매체",자동계산!$D$44,자동계산!$B$44),IF($B7="언어와 매체",자동계산!$E$44,자동계산!$C$44),0))) | CM7: =IF($A7="","",IF(AT7="",0,IF(AT7=IF($B7="언어와 매체",자동계산!$D$45,자동계산!$B$45),IF($B7="언어와 매체",자동계산!$E$45,자동계산!$C$45),0))) | CN7: =IF($A7="","",IF(AU7="",0,IF(AU7=IF($B7="언어와 매체",자동계산!$D$46,자동계산!$B$46),IF($B7="언어와 매체",자동계산!$E$46,자동계산!$C$46),0))) | CO7: =IF($A7="","",IF(AV7="",0,IF(AV7=IF($B7="언어와 매체",자동계산!$D$47,자동계산!$B$47),IF($B7="언어와 매체",자동계산!$E$47,자동계산!$C$47),0))) | CP7: =IF($A7="","",IF(AW7="",0,IF(AW7=IF($B7="언어와 매체",자동계산!$D$48,자동계산!$B$48),IF($B7="언어와 매체",자동계산!$E$48,자동계산!$C$48),0)))
A8: =IF(답안입력!A8="","",답안입력!A8) | B8: =IF($A8="","",답안입력!C8) | C8: =IF($A8="","",SUM(AX8:CP8)) | D8: =IF($A8="","",IF($C8>=IF($B8="언어와 매체",회차설정!$B$9,회차설정!$B$8),"1등급",IF($C8>=IF($B8="언어와 매체",회차설정!$C$9,회차설정!$C$8),"2등급",IF($C8>=IF($B8="언어와 매체",회차설정!$D$9,회차설정!$D$8),"3등급",IF($C8>=IF($B8="언어와 매체",회차설정!$E$9,회차설정!$E$8),"4등급","등급 외"))))) | E8: =IF($A8="","",IF(LEN(답안입력!$D8)>=1,VALUE(MID(답안입력!$D8,1,1)),IF(답안입력!E8="","",답안입력!E8))) | F8: =IF($A8="","",IF(LEN(답안입력!$D8)>=2,VALUE(MID(답안입력!$D8,2,1)),IF(답안입력!F8="","",답안입력!F8))) | G8: =IF($A8="","",IF(LEN(답안입력!$D8)>=3,VALUE(MID(답안입력!$D8,3,1)),IF(답안입력!G8="","",답안입력!G8))) | H8: =IF($A8="","",IF(LEN(답안입력!$D8)>=4,VALUE(MID(답안입력!$D8,4,1)),IF(답안입력!H8="","",답안입력!H8))) | I8: =IF($A8="","",IF(LEN(답안입력!$D8)>=5,VALUE(MID(답안입력!$D8,5,1)),IF(답안입력!I8="","",답안입력!I8))) | J8: =IF($A8="","",IF(LEN(답안입력!$D8)>=6,VALUE(MID(답안입력!$D8,6,1)),IF(답안입력!J8="","",답안입력!J8))) | K8: =IF($A8="","",IF(LEN(답안입력!$D8)>=7,VALUE(MID(답안입력!$D8,7,1)),IF(답안입력!K8="","",답안입력!K8))) | L8: =IF($A8="","",IF(LEN(답안입력!$D8)>=8,VALUE(MID(답안입력!$D8,8,1)),IF(답안입력!L8="","",답안입력!L8))) | M8: =IF($A8="","",IF(LEN(답안입력!$D8)>=9,VALUE(MID(답안입력!$D8,9,1)),IF(답안입력!M8="","",답안입력!M8))) | N8: =IF($A8="","",IF(LEN(답안입력!$D8)>=10,VALUE(MID(답안입력!$D8,10,1)),IF(답안입력!N8="","",답안입력!N8))) | O8: =IF($A8="","",IF(LEN(답안입력!$D8)>=11,VALUE(MID(답안입력!$D8,11,1)),IF(답안입력!O8="","",답안입력!O8))) | P8: =IF($A8="","",IF(LEN(답안입력!$D8)>=12,VALUE(MID(답안입력!$D8,12,1)),IF(답안입력!P8="","",답안입력!P8))) | Q8: =IF($A8="","",IF(LEN(답안입력!$D8)>=13,VALUE(MID(답안입력!$D8,13,1)),IF(답안입력!Q8="","",답안입력!Q8))) | R8: =IF($A8="","",IF(LEN(답안입력!$D8)>=14,VALUE(MID(답안입력!$D8,14,1)),IF(답안입력!R8="","",답안입력!R8))) | S8: =IF($A8="","",IF(LEN(답안입력!$D8)>=15,VALUE(MID(답안입력!$D8,15,1)),IF(답안입력!S8="","",답안입력!S8))) | T8: =IF($A8="","",IF(LEN(답안입력!$D8)>=16,VALUE(MID(답안입력!$D8,16,1)),IF(답안입력!T8="","",답안입력!T8))) | U8: =IF($A8="","",IF(LEN(답안입력!$D8)>=17,VALUE(MID(답안입력!$D8,17,1)),IF(답안입력!U8="","",답안입력!U8))) | V8: =IF($A8="","",IF(LEN(답안입력!$D8)>=18,VALUE(MID(답안입력!$D8,18,1)),IF(답안입력!V8="","",답안입력!V8))) | W8: =IF($A8="","",IF(LEN(답안입력!$D8)>=19,VALUE(MID(답안입력!$D8,19,1)),IF(답안입력!W8="","",답안입력!W8))) | X8: =IF($A8="","",IF(LEN(답안입력!$D8)>=20,VALUE(MID(답안입력!$D8,20,1)),IF(답안입력!X8="","",답안입력!X8))) | Y8: =IF($A8="","",IF(LEN(답안입력!$D8)>=21,VALUE(MID(답안입력!$D8,21,1)),IF(답안입력!Y8="","",답안입력!Y8))) | Z8: =IF($A8="","",IF(LEN(답안입력!$D8)>=22,VALUE(MID(답안입력!$D8,22,1)),IF(답안입력!Z8="","",답안입력!Z8))) | AA8: =IF($A8="","",IF(LEN(답안입력!$D8)>=23,VALUE(MID(답안입력!$D8,23,1)),IF(답안입력!AA8="","",답안입력!AA8))) | AB8: =IF($A8="","",IF(LEN(답안입력!$D8)>=24,VALUE(MID(답안입력!$D8,24,1)),IF(답안입력!AB8="","",답안입력!AB8))) | AC8: =IF($A8="","",IF(LEN(답안입력!$D8)>=25,VALUE(MID(답안입력!$D8,25,1)),IF(답안입력!AC8="","",답안입력!AC8))) | AD8: =IF($A8="","",IF(LEN(답안입력!$D8)>=26,VALUE(MID(답안입력!$D8,26,1)),IF(답안입력!AD8="","",답안입력!AD8))) | AE8: =IF($A8="","",IF(LEN(답안입력!$D8)>=27,VALUE(MID(답안입력!$D8,27,1)),IF(답안입력!AE8="","",답안입력!AE8))) | AF8: =IF($A8="","",IF(LEN(답안입력!$D8)>=28,VALUE(MID(답안입력!$D8,28,1)),IF(답안입력!AF8="","",답안입력!AF8))) | AG8: =IF($A8="","",IF(LEN(답안입력!$D8)>=29,VALUE(MID(답안입력!$D8,29,1)),IF(답안입력!AG8="","",답안입력!AG8))) | AH8: =IF($A8="","",IF(LEN(답안입력!$D8)>=30,VALUE(MID(답안입력!$D8,30,1)),IF(답안입력!AH8="","",답안입력!AH8))) | AI8: =IF($A8="","",IF(LEN(답안입력!$D8)>=31,VALUE(MID(답안입력!$D8,31,1)),IF(답안입력!AI8="","",답안입력!AI8))) | AJ8: =IF($A8="","",IF(LEN(답안입력!$D8)>=32,VALUE(MID(답안입력!$D8,32,1)),IF(답안입력!AJ8="","",답안입력!AJ8))) | AK8: =IF($A8="","",IF(LEN(답안입력!$D8)>=33,VALUE(MID(답안입력!$D8,33,1)),IF(답안입력!AK8="","",답안입력!AK8))) | AL8: =IF($A8="","",IF(LEN(답안입력!$D8)>=34,VALUE(MID(답안입력!$D8,34,1)),IF(답안입력!AL8="","",답안입력!AL8))) | AM8: =IF($A8="","",IF(LEN(답안입력!$D8)>=35,VALUE(MID(답안입력!$D8,35,1)),IF(답안입력!AM8="","",답안입력!AM8))) | AN8: =IF($A8="","",IF(LEN(답안입력!$D8)>=36,VALUE(MID(답안입력!$D8,36,1)),IF(답안입력!AN8="","",답안입력!AN8))) | AO8: =IF($A8="","",IF(LEN(답안입력!$D8)>=37,VALUE(MID(답안입력!$D8,37,1)),IF(답안입력!AO8="","",답안입력!AO8))) | AP8: =IF($A8="","",IF(LEN(답안입력!$D8)>=38,VALUE(MID(답안입력!$D8,38,1)),IF(답안입력!AP8="","",답안입력!AP8))) | AQ8: =IF($A8="","",IF(LEN(답안입력!$D8)>=39,VALUE(MID(답안입력!$D8,39,1)),IF(답안입력!AQ8="","",답안입력!AQ8))) | AR8: =IF($A8="","",IF(LEN(답안입력!$D8)>=40,VALUE(MID(답안입력!$D8,40,1)),IF(답안입력!AR8="","",답안입력!AR8))) | AS8: =IF($A8="","",IF(LEN(답안입력!$D8)>=41,VALUE(MID(답안입력!$D8,41,1)),IF(답안입력!AS8="","",답안입력!AS8))) | AT8: =IF($A8="","",IF(LEN(답안입력!$D8)>=42,VALUE(MID(답안입력!$D8,42,1)),IF(답안입력!AT8="","",답안입력!AT8))) | AU8: =IF($A8="","",IF(LEN(답안입력!$D8)>=43,VALUE(MID(답안입력!$D8,43,1)),IF(답안입력!AU8="","",답안입력!AU8))) | AV8: =IF($A8="","",IF(LEN(답안입력!$D8)>=44,VALUE(MID(답안입력!$D8,44,1)),IF(답안입력!AV8="","",답안입력!AV8))) | AW8: =IF($A8="","",IF(LEN(답안입력!$D8)>=45,VALUE(MID(답안입력!$D8,45,1)),IF(답안입력!AW8="","",답안입력!AW8))) | AX8: =IF($A8="","",IF(E8="",0,IF(E8=IF($B8="언어와 매체",자동계산!$D$4,자동계산!$B$4),IF($B8="언어와 매체",자동계산!$E$4,자동계산!$C$4),0))) | AY8: =IF($A8="","",IF(F8="",0,IF(F8=IF($B8="언어와 매체",자동계산!$D$5,자동계산!$B$5),IF($B8="언어와 매체",자동계산!$E$5,자동계산!$C$5),0))) | AZ8: =IF($A8="","",IF(G8="",0,IF(G8=IF($B8="언어와 매체",자동계산!$D$6,자동계산!$B$6),IF($B8="언어와 매체",자동계산!$E$6,자동계산!$C$6),0))) | BA8: =IF($A8="","",IF(H8="",0,IF(H8=IF($B8="언어와 매체",자동계산!$D$7,자동계산!$B$7),IF($B8="언어와 매체",자동계산!$E$7,자동계산!$C$7),0))) | BB8: =IF($A8="","",IF(I8="",0,IF(I8=IF($B8="언어와 매체",자동계산!$D$8,자동계산!$B$8),IF($B8="언어와 매체",자동계산!$E$8,자동계산!$C$8),0))) | BC8: =IF($A8="","",IF(J8="",0,IF(J8=IF($B8="언어와 매체",자동계산!$D$9,자동계산!$B$9),IF($B8="언어와 매체",자동계산!$E$9,자동계산!$C$9),0))) | BD8: =IF($A8="","",IF(K8="",0,IF(K8=IF($B8="언어와 매체",자동계산!$D$10,자동계산!$B$10),IF($B8="언어와 매체",자동계산!$E$10,자동계산!$C$10),0))) | BE8: =IF($A8="","",IF(L8="",0,IF(L8=IF($B8="언어와 매체",자동계산!$D$11,자동계산!$B$11),IF($B8="언어와 매체",자동계산!$E$11,자동계산!$C$11),0))) | BF8: =IF($A8="","",IF(M8="",0,IF(M8=IF($B8="언어와 매체",자동계산!$D$12,자동계산!$B$12),IF($B8="언어와 매체",자동계산!$E$12,자동계산!$C$12),0))) | BG8: =IF($A8="","",IF(N8="",0,IF(N8=IF($B8="언어와 매체",자동계산!$D$13,자동계산!$B$13),IF($B8="언어와 매체",자동계산!$E$13,자동계산!$C$13),0))) | BH8: =IF($A8="","",IF(O8="",0,IF(O8=IF($B8="언어와 매체",자동계산!$D$14,자동계산!$B$14),IF($B8="언어와 매체",자동계산!$E$14,자동계산!$C$14),0))) | BI8: =IF($A8="","",IF(P8="",0,IF(P8=IF($B8="언어와 매체",자동계산!$D$15,자동계산!$B$15),IF($B8="언어와 매체",자동계산!$E$15,자동계산!$C$15),0))) | BJ8: =IF($A8="","",IF(Q8="",0,IF(Q8=IF($B8="언어와 매체",자동계산!$D$16,자동계산!$B$16),IF($B8="언어와 매체",자동계산!$E$16,자동계산!$C$16),0))) | BK8: =IF($A8="","",IF(R8="",0,IF(R8=IF($B8="언어와 매체",자동계산!$D$17,자동계산!$B$17),IF($B8="언어와 매체",자동계산!$E$17,자동계산!$C$17),0))) | BL8: =IF($A8="","",IF(S8="",0,IF(S8=IF($B8="언어와 매체",자동계산!$D$18,자동계산!$B$18),IF($B8="언어와 매체",자동계산!$E$18,자동계산!$C$18),0))) | BM8: =IF($A8="","",IF(T8="",0,IF(T8=IF($B8="언어와 매체",자동계산!$D$19,자동계산!$B$19),IF($B8="언어와 매체",자동계산!$E$19,자동계산!$C$19),0))) | BN8: =IF($A8="","",IF(U8="",0,IF(U8=IF($B8="언어와 매체",자동계산!$D$20,자동계산!$B$20),IF($B8="언어와 매체",자동계산!$E$20,자동계산!$C$20),0))) | BO8: =IF($A8="","",IF(V8="",0,IF(V8=IF($B8="언어와 매체",자동계산!$D$21,자동계산!$B$21),IF($B8="언어와 매체",자동계산!$E$21,자동계산!$C$21),0))) | BP8: =IF($A8="","",IF(W8="",0,IF(W8=IF($B8="언어와 매체",자동계산!$D$22,자동계산!$B$22),IF($B8="언어와 매체",자동계산!$E$22,자동계산!$C$22),0))) | BQ8: =IF($A8="","",IF(X8="",0,IF(X8=IF($B8="언어와 매체",자동계산!$D$23,자동계산!$B$23),IF($B8="언어와 매체",자동계산!$E$23,자동계산!$C$23),0))) | BR8: =IF($A8="","",IF(Y8="",0,IF(Y8=IF($B8="언어와 매체",자동계산!$D$24,자동계산!$B$24),IF($B8="언어와 매체",자동계산!$E$24,자동계산!$C$24),0))) | BS8: =IF($A8="","",IF(Z8="",0,IF(Z8=IF($B8="언어와 매체",자동계산!$D$25,자동계산!$B$25),IF($B8="언어와 매체",자동계산!$E$25,자동계산!$C$25),0))) | BT8: =IF($A8="","",IF(AA8="",0,IF(AA8=IF($B8="언어와 매체",자동계산!$D$26,자동계산!$B$26),IF($B8="언어와 매체",자동계산!$E$26,자동계산!$C$26),0))) | BU8: =IF($A8="","",IF(AB8="",0,IF(AB8=IF($B8="언어와 매체",자동계산!$D$27,자동계산!$B$27),IF($B8="언어와 매체",자동계산!$E$27,자동계산!$C$27),0))) | BV8: =IF($A8="","",IF(AC8="",0,IF(AC8=IF($B8="언어와 매체",자동계산!$D$28,자동계산!$B$28),IF($B8="언어와 매체",자동계산!$E$28,자동계산!$C$28),0))) | BW8: =IF($A8="","",IF(AD8="",0,IF(AD8=IF($B8="언어와 매체",자동계산!$D$29,자동계산!$B$29),IF($B8="언어와 매체",자동계산!$E$29,자동계산!$C$29),0))) | BX8: =IF($A8="","",IF(AE8="",0,IF(AE8=IF($B8="언어와 매체",자동계산!$D$30,자동계산!$B$30),IF($B8="언어와 매체",자동계산!$E$30,자동계산!$C$30),0))) | BY8: =IF($A8="","",IF(AF8="",0,IF(AF8=IF($B8="언어와 매체",자동계산!$D$31,자동계산!$B$31),IF($B8="언어와 매체",자동계산!$E$31,자동계산!$C$31),0))) | BZ8: =IF($A8="","",IF(AG8="",0,IF(AG8=IF($B8="언어와 매체",자동계산!$D$32,자동계산!$B$32),IF($B8="언어와 매체",자동계산!$E$32,자동계산!$C$32),0))) | CA8: =IF($A8="","",IF(AH8="",0,IF(AH8=IF($B8="언어와 매체",자동계산!$D$33,자동계산!$B$33),IF($B8="언어와 매체",자동계산!$E$33,자동계산!$C$33),0))) | CB8: =IF($A8="","",IF(AI8="",0,IF(AI8=IF($B8="언어와 매체",자동계산!$D$34,자동계산!$B$34),IF($B8="언어와 매체",자동계산!$E$34,자동계산!$C$34),0))) | CC8: =IF($A8="","",IF(AJ8="",0,IF(AJ8=IF($B8="언어와 매체",자동계산!$D$35,자동계산!$B$35),IF($B8="언어와 매체",자동계산!$E$35,자동계산!$C$35),0))) | CD8: =IF($A8="","",IF(AK8="",0,IF(AK8=IF($B8="언어와 매체",자동계산!$D$36,자동계산!$B$36),IF($B8="언어와 매체",자동계산!$E$36,자동계산!$C$36),0))) | CE8: =IF($A8="","",IF(AL8="",0,IF(AL8=IF($B8="언어와 매체",자동계산!$D$37,자동계산!$B$37),IF($B8="언어와 매체",자동계산!$E$37,자동계산!$C$37),0))) | CF8: =IF($A8="","",IF(AM8="",0,IF(AM8=IF($B8="언어와 매체",자동계산!$D$38,자동계산!$B$38),IF($B8="언어와 매체",자동계산!$E$38,자동계산!$C$38),0))) | CG8: =IF($A8="","",IF(AN8="",0,IF(AN8=IF($B8="언어와 매체",자동계산!$D$39,자동계산!$B$39),IF($B8="언어와 매체",자동계산!$E$39,자동계산!$C$39),0))) | CH8: =IF($A8="","",IF(AO8="",0,IF(AO8=IF($B8="언어와 매체",자동계산!$D$40,자동계산!$B$40),IF($B8="언어와 매체",자동계산!$E$40,자동계산!$C$40),0))) | CI8: =IF($A8="","",IF(AP8="",0,IF(AP8=IF($B8="언어와 매체",자동계산!$D$41,자동계산!$B$41),IF($B8="언어와 매체",자동계산!$E$41,자동계산!$C$41),0))) | CJ8: =IF($A8="","",IF(AQ8="",0,IF(AQ8=IF($B8="언어와 매체",자동계산!$D$42,자동계산!$B$42),IF($B8="언어와 매체",자동계산!$E$42,자동계산!$C$42),0))) | CK8: =IF($A8="","",IF(AR8="",0,IF(AR8=IF($B8="언어와 매체",자동계산!$D$43,자동계산!$B$43),IF($B8="언어와 매체",자동계산!$E$43,자동계산!$C$43),0))) | CL8: =IF($A8="","",IF(AS8="",0,IF(AS8=IF($B8="언어와 매체",자동계산!$D$44,자동계산!$B$44),IF($B8="언어와 매체",자동계산!$E$44,자동계산!$C$44),0))) | CM8: =IF($A8="","",IF(AT8="",0,IF(AT8=IF($B8="언어와 매체",자동계산!$D$45,자동계산!$B$45),IF($B8="언어와 매체",자동계산!$E$45,자동계산!$C$45),0))) | CN8: =IF($A8="","",IF(AU8="",0,IF(AU8=IF($B8="언어와 매체",자동계산!$D$46,자동계산!$B$46),IF($B8="언어와 매체",자동계산!$E$46,자동계산!$C$46),0))) | CO8: =IF($A8="","",IF(AV8="",0,IF(AV8=IF($B8="언어와 매체",자동계산!$D$47,자동계산!$B$47),IF($B8="언어와 매체",자동계산!$E$47,자동계산!$C$47),0))) | CP8: =IF($A8="","",IF(AW8="",0,IF(AW8=IF($B8="언어와 매체",자동계산!$D$48,자동계산!$B$48),IF($B8="언어와 매체",자동계산!$E$48,자동계산!$C$48),0)))
A9: =IF(답안입력!A9="","",답안입력!A9) | B9: =IF($A9="","",답안입력!C9) | C9: =IF($A9="","",SUM(AX9:CP9)) | D9: =IF($A9="","",IF($C9>=IF($B9="언어와 매체",회차설정!$B$9,회차설정!$B$8),"1등급",IF($C9>=IF($B9="언어와 매체",회차설정!$C$9,회차설정!$C$8),"2등급",IF($C9>=IF($B9="언어와 매체",회차설정!$D$9,회차설정!$D$8),"3등급",IF($C9>=IF($B9="언어와 매체",회차설정!$E$9,회차설정!$E$8),"4등급","등급 외"))))) | E9: =IF($A9="","",IF(LEN(답안입력!$D9)>=1,VALUE(MID(답안입력!$D9,1,1)),IF(답안입력!E9="","",답안입력!E9))) | F9: =IF($A9="","",IF(LEN(답안입력!$D9)>=2,VALUE(MID(답안입력!$D9,2,1)),IF(답안입력!F9="","",답안입력!F9))) | G9: =IF($A9="","",IF(LEN(답안입력!$D9)>=3,VALUE(MID(답안입력!$D9,3,1)),IF(답안입력!G9="","",답안입력!G9))) | H9: =IF($A9="","",IF(LEN(답안입력!$D9)>=4,VALUE(MID(답안입력!$D9,4,1)),IF(답안입력!H9="","",답안입력!H9))) | I9: =IF($A9="","",IF(LEN(답안입력!$D9)>=5,VALUE(MID(답안입력!$D9,5,1)),IF(답안입력!I9="","",답안입력!I9))) | J9: =IF($A9="","",IF(LEN(답안입력!$D9)>=6,VALUE(MID(답안입력!$D9,6,1)),IF(답안입력!J9="","",답안입력!J9))) | K9: =IF($A9="","",IF(LEN(답안입력!$D9)>=7,VALUE(MID(답안입력!$D9,7,1)),IF(답안입력!K9="","",답안입력!K9))) | L9: =IF($A9="","",IF(LEN(답안입력!$D9)>=8,VALUE(MID(답안입력!$D9,8,1)),IF(답안입력!L9="","",답안입력!L9))) | M9: =IF($A9="","",IF(LEN(답안입력!$D9)>=9,VALUE(MID(답안입력!$D9,9,1)),IF(답안입력!M9="","",답안입력!M9))) | N9: =IF($A9="","",IF(LEN(답안입력!$D9)>=10,VALUE(MID(답안입력!$D9,10,1)),IF(답안입력!N9="","",답안입력!N9))) | O9: =IF($A9="","",IF(LEN(답안입력!$D9)>=11,VALUE(MID(답안입력!$D9,11,1)),IF(답안입력!O9="","",답안입력!O9))) | P9: =IF($A9="","",IF(LEN(답안입력!$D9)>=12,VALUE(MID(답안입력!$D9,12,1)),IF(답안입력!P9="","",답안입력!P9))) | Q9: =IF($A9="","",IF(LEN(답안입력!$D9)>=13,VALUE(MID(답안입력!$D9,13,1)),IF(답안입력!Q9="","",답안입력!Q9))) | R9: =IF($A9="","",IF(LEN(답안입력!$D9)>=14,VALUE(MID(답안입력!$D9,14,1)),IF(답안입력!R9="","",답안입력!R9))) | S9: =IF($A9="","",IF(LEN(답안입력!$D9)>=15,VALUE(MID(답안입력!$D9,15,1)),IF(답안입력!S9="","",답안입력!S9))) | T9: =IF($A9="","",IF(LEN(답안입력!$D9)>=16,VALUE(MID(답안입력!$D9,16,1)),IF(답안입력!T9="","",답안입력!T9))) | U9: =IF($A9="","",IF(LEN(답안입력!$D9)>=17,VALUE(MID(답안입력!$D9,17,1)),IF(답안입력!U9="","",답안입력!U9))) | V9: =IF($A9="","",IF(LEN(답안입력!$D9)>=18,VALUE(MID(답안입력!$D9,18,1)),IF(답안입력!V9="","",답안입력!V9))) | W9: =IF($A9="","",IF(LEN(답안입력!$D9)>=19,VALUE(MID(답안입력!$D9,19,1)),IF(답안입력!W9="","",답안입력!W9))) | X9: =IF($A9="","",IF(LEN(답안입력!$D9)>=20,VALUE(MID(답안입력!$D9,20,1)),IF(답안입력!X9="","",답안입력!X9))) | Y9: =IF($A9="","",IF(LEN(답안입력!$D9)>=21,VALUE(MID(답안입력!$D9,21,1)),IF(답안입력!Y9="","",답안입력!Y9))) | Z9: =IF($A9="","",IF(LEN(답안입력!$D9)>=22,VALUE(MID(답안입력!$D9,22,1)),IF(답안입력!Z9="","",답안입력!Z9))) | AA9: =IF($A9="","",IF(LEN(답안입력!$D9)>=23,VALUE(MID(답안입력!$D9,23,1)),IF(답안입력!AA9="","",답안입력!AA9))) | AB9: =IF($A9="","",IF(LEN(답안입력!$D9)>=24,VALUE(MID(답안입력!$D9,24,1)),IF(답안입력!AB9="","",답안입력!AB9))) | AC9: =IF($A9="","",IF(LEN(답안입력!$D9)>=25,VALUE(MID(답안입력!$D9,25,1)),IF(답안입력!AC9="","",답안입력!AC9))) | AD9: =IF($A9="","",IF(LEN(답안입력!$D9)>=26,VALUE(MID(답안입력!$D9,26,1)),IF(답안입력!AD9="","",답안입력!AD9))) | AE9: =IF($A9="","",IF(LEN(답안입력!$D9)>=27,VALUE(MID(답안입력!$D9,27,1)),IF(답안입력!AE9="","",답안입력!AE9))) | AF9: =IF($A9="","",IF(LEN(답안입력!$D9)>=28,VALUE(MID(답안입력!$D9,28,1)),IF(답안입력!AF9="","",답안입력!AF9))) | AG9: =IF($A9="","",IF(LEN(답안입력!$D9)>=29,VALUE(MID(답안입력!$D9,29,1)),IF(답안입력!AG9="","",답안입력!AG9))) | AH9: =IF($A9="","",IF(LEN(답안입력!$D9)>=30,VALUE(MID(답안입력!$D9,30,1)),IF(답안입력!AH9="","",답안입력!AH9))) | AI9: =IF($A9="","",IF(LEN(답안입력!$D9)>=31,VALUE(MID(답안입력!$D9,31,1)),IF(답안입력!AI9="","",답안입력!AI9))) | AJ9: =IF($A9="","",IF(LEN(답안입력!$D9)>=32,VALUE(MID(답안입력!$D9,32,1)),IF(답안입력!AJ9="","",답안입력!AJ9))) | AK9: =IF($A9="","",IF(LEN(답안입력!$D9)>=33,VALUE(MID(답안입력!$D9,33,1)),IF(답안입력!AK9="","",답안입력!AK9))) | AL9: =IF($A9="","",IF(LEN(답안입력!$D9)>=34,VALUE(MID(답안입력!$D9,34,1)),IF(답안입력!AL9="","",답안입력!AL9))) | AM9: =IF($A9="","",IF(LEN(답안입력!$D9)>=35,VALUE(MID(답안입력!$D9,35,1)),IF(답안입력!AM9="","",답안입력!AM9))) | AN9: =IF($A9="","",IF(LEN(답안입력!$D9)>=36,VALUE(MID(답안입력!$D9,36,1)),IF(답안입력!AN9="","",답안입력!AN9))) | AO9: =IF($A9="","",IF(LEN(답안입력!$D9)>=37,VALUE(MID(답안입력!$D9,37,1)),IF(답안입력!AO9="","",답안입력!AO9))) | AP9: =IF($A9="","",IF(LEN(답안입력!$D9)>=38,VALUE(MID(답안입력!$D9,38,1)),IF(답안입력!AP9="","",답안입력!AP9))) | AQ9: =IF($A9="","",IF(LEN(답안입력!$D9)>=39,VALUE(MID(답안입력!$D9,39,1)),IF(답안입력!AQ9="","",답안입력!AQ9))) | AR9: =IF($A9="","",IF(LEN(답안입력!$D9)>=40,VALUE(MID(답안입력!$D9,40,1)),IF(답안입력!AR9="","",답안입력!AR9))) | AS9: =IF($A9="","",IF(LEN(답안입력!$D9)>=41,VALUE(MID(답안입력!$D9,41,1)),IF(답안입력!AS9="","",답안입력!AS9))) | AT9: =IF($A9="","",IF(LEN(답안입력!$D9)>=42,VALUE(MID(답안입력!$D9,42,1)),IF(답안입력!AT9="","",답안입력!AT9))) | AU9: =IF($A9="","",IF(LEN(답안입력!$D9)>=43,VALUE(MID(답안입력!$D9,43,1)),IF(답안입력!AU9="","",답안입력!AU9))) | AV9: =IF($A9="","",IF(LEN(답안입력!$D9)>=44,VALUE(MID(답안입력!$D9,44,1)),IF(답안입력!AV9="","",답안입력!AV9))) | AW9: =IF($A9="","",IF(LEN(답안입력!$D9)>=45,VALUE(MID(답안입력!$D9,45,1)),IF(답안입력!AW9="","",답안입력!AW9))) | AX9: =IF($A9="","",IF(E9="",0,IF(E9=IF($B9="언어와 매체",자동계산!$D$4,자동계산!$B$4),IF($B9="언어와 매체",자동계산!$E$4,자동계산!$C$4),0))) | AY9: =IF($A9="","",IF(F9="",0,IF(F9=IF($B9="언어와 매체",자동계산!$D$5,자동계산!$B$5),IF($B9="언어와 매체",자동계산!$E$5,자동계산!$C$5),0))) | AZ9: =IF($A9="","",IF(G9="",0,IF(G9=IF($B9="언어와 매체",자동계산!$D$6,자동계산!$B$6),IF($B9="언어와 매체",자동계산!$E$6,자동계산!$C$6),0))) | BA9: =IF($A9="","",IF(H9="",0,IF(H9=IF($B9="언어와 매체",자동계산!$D$7,자동계산!$B$7),IF($B9="언어와 매체",자동계산!$E$7,자동계산!$C$7),0))) | BB9: =IF($A9="","",IF(I9="",0,IF(I9=IF($B9="언어와 매체",자동계산!$D$8,자동계산!$B$8),IF($B9="언어와 매체",자동계산!$E$8,자동계산!$C$8),0))) | BC9: =IF($A9="","",IF(J9="",0,IF(J9=IF($B9="언어와 매체",자동계산!$D$9,자동계산!$B$9),IF($B9="언어와 매체",자동계산!$E$9,자동계산!$C$9),0))) | BD9: =IF($A9="","",IF(K9="",0,IF(K9=IF($B9="언어와 매체",자동계산!$D$10,자동계산!$B$10),IF($B9="언어와 매체",자동계산!$E$10,자동계산!$C$10),0))) | BE9: =IF($A9="","",IF(L9="",0,IF(L9=IF($B9="언어와 매체",자동계산!$D$11,자동계산!$B$11),IF($B9="언어와 매체",자동계산!$E$11,자동계산!$C$11),0))) | BF9: =IF($A9="","",IF(M9="",0,IF(M9=IF($B9="언어와 매체",자동계산!$D$12,자동계산!$B$12),IF($B9="언어와 매체",자동계산!$E$12,자동계산!$C$12),0))) | BG9: =IF($A9="","",IF(N9="",0,IF(N9=IF($B9="언어와 매체",자동계산!$D$13,자동계산!$B$13),IF($B9="언어와 매체",자동계산!$E$13,자동계산!$C$13),0))) | BH9: =IF($A9="","",IF(O9="",0,IF(O9=IF($B9="언어와 매체",자동계산!$D$14,자동계산!$B$14),IF($B9="언어와 매체",자동계산!$E$14,자동계산!$C$14),0))) | BI9: =IF($A9="","",IF(P9="",0,IF(P9=IF($B9="언어와 매체",자동계산!$D$15,자동계산!$B$15),IF($B9="언어와 매체",자동계산!$E$15,자동계산!$C$15),0))) | BJ9: =IF($A9="","",IF(Q9="",0,IF(Q9=IF($B9="언어와 매체",자동계산!$D$16,자동계산!$B$16),IF($B9="언어와 매체",자동계산!$E$16,자동계산!$C$16),0))) | BK9: =IF($A9="","",IF(R9="",0,IF(R9=IF($B9="언어와 매체",자동계산!$D$17,자동계산!$B$17),IF($B9="언어와 매체",자동계산!$E$17,자동계산!$C$17),0))) | BL9: =IF($A9="","",IF(S9="",0,IF(S9=IF($B9="언어와 매체",자동계산!$D$18,자동계산!$B$18),IF($B9="언어와 매체",자동계산!$E$18,자동계산!$C$18),0))) | BM9: =IF($A9="","",IF(T9="",0,IF(T9=IF($B9="언어와 매체",자동계산!$D$19,자동계산!$B$19),IF($B9="언어와 매체",자동계산!$E$19,자동계산!$C$19),0))) | BN9: =IF($A9="","",IF(U9="",0,IF(U9=IF($B9="언어와 매체",자동계산!$D$20,자동계산!$B$20),IF($B9="언어와 매체",자동계산!$E$20,자동계산!$C$20),0))) | BO9: =IF($A9="","",IF(V9="",0,IF(V9=IF($B9="언어와 매체",자동계산!$D$21,자동계산!$B$21),IF($B9="언어와 매체",자동계산!$E$21,자동계산!$C$21),0))) | BP9: =IF($A9="","",IF(W9="",0,IF(W9=IF($B9="언어와 매체",자동계산!$D$22,자동계산!$B$22),IF($B9="언어와 매체",자동계산!$E$22,자동계산!$C$22),0))) | BQ9: =IF($A9="","",IF(X9="",0,IF(X9=IF($B9="언어와 매체",자동계산!$D$23,자동계산!$B$23),IF($B9="언어와 매체",자동계산!$E$23,자동계산!$C$23),0))) | BR9: =IF($A9="","",IF(Y9="",0,IF(Y9=IF($B9="언어와 매체",자동계산!$D$24,자동계산!$B$24),IF($B9="언어와 매체",자동계산!$E$24,자동계산!$C$24),0))) | BS9: =IF($A9="","",IF(Z9="",0,IF(Z9=IF($B9="언어와 매체",자동계산!$D$25,자동계산!$B$25),IF($B9="언어와 매체",자동계산!$E$25,자동계산!$C$25),0))) | BT9: =IF($A9="","",IF(AA9="",0,IF(AA9=IF($B9="언어와 매체",자동계산!$D$26,자동계산!$B$26),IF($B9="언어와 매체",자동계산!$E$26,자동계산!$C$26),0))) | BU9: =IF($A9="","",IF(AB9="",0,IF(AB9=IF($B9="언어와 매체",자동계산!$D$27,자동계산!$B$27),IF($B9="언어와 매체",자동계산!$E$27,자동계산!$C$27),0))) | BV9: =IF($A9="","",IF(AC9="",0,IF(AC9=IF($B9="언어와 매체",자동계산!$D$28,자동계산!$B$28),IF($B9="언어와 매체",자동계산!$E$28,자동계산!$C$28),0))) | BW9: =IF($A9="","",IF(AD9="",0,IF(AD9=IF($B9="언어와 매체",자동계산!$D$29,자동계산!$B$29),IF($B9="언어와 매체",자동계산!$E$29,자동계산!$C$29),0))) | BX9: =IF($A9="","",IF(AE9="",0,IF(AE9=IF($B9="언어와 매체",자동계산!$D$30,자동계산!$B$30),IF($B9="언어와 매체",자동계산!$E$30,자동계산!$C$30),0))) | BY9: =IF($A9="","",IF(AF9="",0,IF(AF9=IF($B9="언어와 매체",자동계산!$D$31,자동계산!$B$31),IF($B9="언어와 매체",자동계산!$E$31,자동계산!$C$31),0))) | BZ9: =IF($A9="","",IF(AG9="",0,IF(AG9=IF($B9="언어와 매체",자동계산!$D$32,자동계산!$B$32),IF($B9="언어와 매체",자동계산!$E$32,자동계산!$C$32),0))) | CA9: =IF($A9="","",IF(AH9="",0,IF(AH9=IF($B9="언어와 매체",자동계산!$D$33,자동계산!$B$33),IF($B9="언어와 매체",자동계산!$E$33,자동계산!$C$33),0))) | CB9: =IF($A9="","",IF(AI9="",0,IF(AI9=IF($B9="언어와 매체",자동계산!$D$34,자동계산!$B$34),IF($B9="언어와 매체",자동계산!$E$34,자동계산!$C$34),0))) | CC9: =IF($A9="","",IF(AJ9="",0,IF(AJ9=IF($B9="언어와 매체",자동계산!$D$35,자동계산!$B$35),IF($B9="언어와 매체",자동계산!$E$35,자동계산!$C$35),0))) | CD9: =IF($A9="","",IF(AK9="",0,IF(AK9=IF($B9="언어와 매체",자동계산!$D$36,자동계산!$B$36),IF($B9="언어와 매체",자동계산!$E$36,자동계산!$C$36),0))) | CE9: =IF($A9="","",IF(AL9="",0,IF(AL9=IF($B9="언어와 매체",자동계산!$D$37,자동계산!$B$37),IF($B9="언어와 매체",자동계산!$E$37,자동계산!$C$37),0))) | CF9: =IF($A9="","",IF(AM9="",0,IF(AM9=IF($B9="언어와 매체",자동계산!$D$38,자동계산!$B$38),IF($B9="언어와 매체",자동계산!$E$38,자동계산!$C$38),0))) | CG9: =IF($A9="","",IF(AN9="",0,IF(AN9=IF($B9="언어와 매체",자동계산!$D$39,자동계산!$B$39),IF($B9="언어와 매체",자동계산!$E$39,자동계산!$C$39),0))) | CH9: =IF($A9="","",IF(AO9="",0,IF(AO9=IF($B9="언어와 매체",자동계산!$D$40,자동계산!$B$40),IF($B9="언어와 매체",자동계산!$E$40,자동계산!$C$40),0))) | CI9: =IF($A9="","",IF(AP9="",0,IF(AP9=IF($B9="언어와 매체",자동계산!$D$41,자동계산!$B$41),IF($B9="언어와 매체",자동계산!$E$41,자동계산!$C$41),0))) | CJ9: =IF($A9="","",IF(AQ9="",0,IF(AQ9=IF($B9="언어와 매체",자동계산!$D$42,자동계산!$B$42),IF($B9="언어와 매체",자동계산!$E$42,자동계산!$C$42),0))) | CK9: =IF($A9="","",IF(AR9="",0,IF(AR9=IF($B9="언어와 매체",자동계산!$D$43,자동계산!$B$43),IF($B9="언어와 매체",자동계산!$E$43,자동계산!$C$43),0))) | CL9: =IF($A9="","",IF(AS9="",0,IF(AS9=IF($B9="언어와 매체",자동계산!$D$44,자동계산!$B$44),IF($B9="언어와 매체",자동계산!$E$44,자동계산!$C$44),0))) | CM9: =IF($A9="","",IF(AT9="",0,IF(AT9=IF($B9="언어와 매체",자동계산!$D$45,자동계산!$B$45),IF($B9="언어와 매체",자동계산!$E$45,자동계산!$C$45),0))) | CN9: =IF($A9="","",IF(AU9="",0,IF(AU9=IF($B9="언어와 매체",자동계산!$D$46,자동계산!$B$46),IF($B9="언어와 매체",자동계산!$E$46,자동계산!$C$46),0))) | CO9: =IF($A9="","",IF(AV9="",0,IF(AV9=IF($B9="언어와 매체",자동계산!$D$47,자동계산!$B$47),IF($B9="언어와 매체",자동계산!$E$47,자동계산!$C$47),0))) | CP9: =IF($A9="","",IF(AW9="",0,IF(AW9=IF($B9="언어와 매체",자동계산!$D$48,자동계산!$B$48),IF($B9="언어와 매체",자동계산!$E$48,자동계산!$C$48),0)))
A10: =IF(답안입력!A10="","",답안입력!A10) | B10: =IF($A10="","",답안입력!C10) | C10: =IF($A10="","",SUM(AX10:CP10)) | D10: =IF($A10="","",IF($C10>=IF($B10="언어와 매체",회차설정!$B$9,회차설정!$B$8),"1등급",IF($C10>=IF($B10="언어와 매체",회차설정!$C$9,회차설정!$C$8),"2등급",IF($C10>=IF($B10="언어와 매체",회차설정!$D$9,회차설정!$D$8),"3등급",IF($C10>=IF($B10="언어와 매체",회차설정!$E$9,회차설정!$E$8),"4등급","등급 외"))))) | E10: =IF($A10="","",IF(LEN(답안입력!$D10)>=1,VALUE(MID(답안입력!$D10,1,1)),IF(답안입력!E10="","",답안입력!E10))) | F10: =IF($A10="","",IF(LEN(답안입력!$D10)>=2,VALUE(MID(답안입력!$D10,2,1)),IF(답안입력!F10="","",답안입력!F10))) | G10: =IF($A10="","",IF(LEN(답안입력!$D10)>=3,VALUE(MID(답안입력!$D10,3,1)),IF(답안입력!G10="","",답안입력!G10))) | H10: =IF($A10="","",IF(LEN(답안입력!$D10)>=4,VALUE(MID(답안입력!$D10,4,1)),IF(답안입력!H10="","",답안입력!H10))) | I10: =IF($A10="","",IF(LEN(답안입력!$D10)>=5,VALUE(MID(답안입력!$D10,5,1)),IF(답안입력!I10="","",답안입력!I10))) | J10: =IF($A10="","",IF(LEN(답안입력!$D10)>=6,VALUE(MID(답안입력!$D10,6,1)),IF(답안입력!J10="","",답안입력!J10))) | K10: =IF($A10="","",IF(LEN(답안입력!$D10)>=7,VALUE(MID(답안입력!$D10,7,1)),IF(답안입력!K10="","",답안입력!K10))) | L10: =IF($A10="","",IF(LEN(답안입력!$D10)>=8,VALUE(MID(답안입력!$D10,8,1)),IF(답안입력!L10="","",답안입력!L10))) | M10: =IF($A10="","",IF(LEN(답안입력!$D10)>=9,VALUE(MID(답안입력!$D10,9,1)),IF(답안입력!M10="","",답안입력!M10))) | N10: =IF($A10="","",IF(LEN(답안입력!$D10)>=10,VALUE(MID(답안입력!$D10,10,1)),IF(답안입력!N10="","",답안입력!N10))) | O10: =IF($A10="","",IF(LEN(답안입력!$D10)>=11,VALUE(MID(답안입력!$D10,11,1)),IF(답안입력!O10="","",답안입력!O10))) | P10: =IF($A10="","",IF(LEN(답안입력!$D10)>=12,VALUE(MID(답안입력!$D10,12,1)),IF(답안입력!P10="","",답안입력!P10))) | Q10: =IF($A10="","",IF(LEN(답안입력!$D10)>=13,VALUE(MID(답안입력!$D10,13,1)),IF(답안입력!Q10="","",답안입력!Q10))) | R10: =IF($A10="","",IF(LEN(답안입력!$D10)>=14,VALUE(MID(답안입력!$D10,14,1)),IF(답안입력!R10="","",답안입력!R10))) | S10: =IF($A10="","",IF(LEN(답안입력!$D10)>=15,VALUE(MID(답안입력!$D10,15,1)),IF(답안입력!S10="","",답안입력!S10))) | T10: =IF($A10="","",IF(LEN(답안입력!$D10)>=16,VALUE(MID(답안입력!$D10,16,1)),IF(답안입력!T10="","",답안입력!T10))) | U10: =IF($A10="","",IF(LEN(답안입력!$D10)>=17,VALUE(MID(답안입력!$D10,17,1)),IF(답안입력!U10="","",답안입력!U10))) | V10: =IF($A10="","",IF(LEN(답안입력!$D10)>=18,VALUE(MID(답안입력!$D10,18,1)),IF(답안입력!V10="","",답안입력!V10))) | W10: =IF($A10="","",IF(LEN(답안입력!$D10)>=19,VALUE(MID(답안입력!$D10,19,1)),IF(답안입력!W10="","",답안입력!W10))) | X10: =IF($A10="","",IF(LEN(답안입력!$D10)>=20,VALUE(MID(답안입력!$D10,20,1)),IF(답안입력!X10="","",답안입력!X10))) | Y10: =IF($A10="","",IF(LEN(답안입력!$D10)>=21,VALUE(MID(답안입력!$D10,21,1)),IF(답안입력!Y10="","",답안입력!Y10))) | Z10: =IF($A10="","",IF(LEN(답안입력!$D10)>=22,VALUE(MID(답안입력!$D10,22,1)),IF(답안입력!Z10="","",답안입력!Z10))) | AA10: =IF($A10="","",IF(LEN(답안입력!$D10)>=23,VALUE(MID(답안입력!$D10,23,1)),IF(답안입력!AA10="","",답안입력!AA10))) | AB10: =IF($A10="","",IF(LEN(답안입력!$D10)>=24,VALUE(MID(답안입력!$D10,24,1)),IF(답안입력!AB10="","",답안입력!AB10))) | AC10: =IF($A10="","",IF(LEN(답안입력!$D10)>=25,VALUE(MID(답안입력!$D10,25,1)),IF(답안입력!AC10="","",답안입력!AC10))) | AD10: =IF($A10="","",IF(LEN(답안입력!$D10)>=26,VALUE(MID(답안입력!$D10,26,1)),IF(답안입력!AD10="","",답안입력!AD10))) | AE10: =IF($A10="","",IF(LEN(답안입력!$D10)>=27,VALUE(MID(답안입력!$D10,27,1)),IF(답안입력!AE10="","",답안입력!AE10))) | AF10: =IF($A10="","",IF(LEN(답안입력!$D10)>=28,VALUE(MID(답안입력!$D10,28,1)),IF(답안입력!AF10="","",답안입력!AF10))) | AG10: =IF($A10="","",IF(LEN(답안입력!$D10)>=29,VALUE(MID(답안입력!$D10,29,1)),IF(답안입력!AG10="","",답안입력!AG10))) | AH10: =IF($A10="","",IF(LEN(답안입력!$D10)>=30,VALUE(MID(답안입력!$D10,30,1)),IF(답안입력!AH10="","",답안입력!AH10))) | AI10: =IF($A10="","",IF(LEN(답안입력!$D10)>=31,VALUE(MID(답안입력!$D10,31,1)),IF(답안입력!AI10="","",답안입력!AI10))) | AJ10: =IF($A10="","",IF(LEN(답안입력!$D10)>=32,VALUE(MID(답안입력!$D10,32,1)),IF(답안입력!AJ10="","",답안입력!AJ10))) | AK10: =IF($A10="","",IF(LEN(답안입력!$D10)>=33,VALUE(MID(답안입력!$D10,33,1)),IF(답안입력!AK10="","",답안입력!AK10))) | AL10: =IF($A10="","",IF(LEN(답안입력!$D10)>=34,VALUE(MID(답안입력!$D10,34,1)),IF(답안입력!AL10="","",답안입력!AL10))) | AM10: =IF($A10="","",IF(LEN(답안입력!$D10)>=35,VALUE(MID(답안입력!$D10,35,1)),IF(답안입력!AM10="","",답안입력!AM10))) | AN10: =IF($A10="","",IF(LEN(답안입력!$D10)>=36,VALUE(MID(답안입력!$D10,36,1)),IF(답안입력!AN10="","",답안입력!AN10))) | AO10: =IF($A10="","",IF(LEN(답안입력!$D10)>=37,VALUE(MID(답안입력!$D10,37,1)),IF(답안입력!AO10="","",답안입력!AO10))) | AP10: =IF($A10="","",IF(LEN(답안입력!$D10)>=38,VALUE(MID(답안입력!$D10,38,1)),IF(답안입력!AP10="","",답안입력!AP10))) | AQ10: =IF($A10="","",IF(LEN(답안입력!$D10)>=39,VALUE(MID(답안입력!$D10,39,1)),IF(답안입력!AQ10="","",답안입력!AQ10))) | AR10: =IF($A10="","",IF(LEN(답안입력!$D10)>=40,VALUE(MID(답안입력!$D10,40,1)),IF(답안입력!AR10="","",답안입력!AR10))) | AS10: =IF($A10="","",IF(LEN(답안입력!$D10)>=41,VALUE(MID(답안입력!$D10,41,1)),IF(답안입력!AS10="","",답안입력!AS10))) | AT10: =IF($A10="","",IF(LEN(답안입력!$D10)>=42,VALUE(MID(답안입력!$D10,42,1)),IF(답안입력!AT10="","",답안입력!AT10))) | AU10: =IF($A10="","",IF(LEN(답안입력!$D10)>=43,VALUE(MID(답안입력!$D10,43,1)),IF(답안입력!AU10="","",답안입력!AU10))) | AV10: =IF($A10="","",IF(LEN(답안입력!$D10)>=44,VALUE(MID(답안입력!$D10,44,1)),IF(답안입력!AV10="","",답안입력!AV10))) | AW10: =IF($A10="","",IF(LEN(답안입력!$D10)>=45,VALUE(MID(답안입력!$D10,45,1)),IF(답안입력!AW10="","",답안입력!AW10))) | AX10: =IF($A10="","",IF(E10="",0,IF(E10=IF($B10="언어와 매체",자동계산!$D$4,자동계산!$B$4),IF($B10="언어와 매체",자동계산!$E$4,자동계산!$C$4),0))) | AY10: =IF($A10="","",IF(F10="",0,IF(F10=IF($B10="언어와 매체",자동계산!$D$5,자동계산!$B$5),IF($B10="언어와 매체",자동계산!$E$5,자동계산!$C$5),0))) | AZ10: =IF($A10="","",IF(G10="",0,IF(G10=IF($B10="언어와 매체",자동계산!$D$6,자동계산!$B$6),IF($B10="언어와 매체",자동계산!$E$6,자동계산!$C$6),0))) | BA10: =IF($A10="","",IF(H10="",0,IF(H10=IF($B10="언어와 매체",자동계산!$D$7,자동계산!$B$7),IF($B10="언어와 매체",자동계산!$E$7,자동계산!$C$7),0))) | BB10: =IF($A10="","",IF(I10="",0,IF(I10=IF($B10="언어와 매체",자동계산!$D$8,자동계산!$B$8),IF($B10="언어와 매체",자동계산!$E$8,자동계산!$C$8),0))) | BC10: =IF($A10="","",IF(J10="",0,IF(J10=IF($B10="언어와 매체",자동계산!$D$9,자동계산!$B$9),IF($B10="언어와 매체",자동계산!$E$9,자동계산!$C$9),0))) | BD10: =IF($A10="","",IF(K10="",0,IF(K10=IF($B10="언어와 매체",자동계산!$D$10,자동계산!$B$10),IF($B10="언어와 매체",자동계산!$E$10,자동계산!$C$10),0))) | BE10: =IF($A10="","",IF(L10="",0,IF(L10=IF($B10="언어와 매체",자동계산!$D$11,자동계산!$B$11),IF($B10="언어와 매체",자동계산!$E$11,자동계산!$C$11),0))) | BF10: =IF($A10="","",IF(M10="",0,IF(M10=IF($B10="언어와 매체",자동계산!$D$12,자동계산!$B$12),IF($B10="언어와 매체",자동계산!$E$12,자동계산!$C$12),0))) | BG10: =IF($A10="","",IF(N10="",0,IF(N10=IF($B10="언어와 매체",자동계산!$D$13,자동계산!$B$13),IF($B10="언어와 매체",자동계산!$E$13,자동계산!$C$13),0))) | BH10: =IF($A10="","",IF(O10="",0,IF(O10=IF($B10="언어와 매체",자동계산!$D$14,자동계산!$B$14),IF($B10="언어와 매체",자동계산!$E$14,자동계산!$C$14),0))) | BI10: =IF($A10="","",IF(P10="",0,IF(P10=IF($B10="언어와 매체",자동계산!$D$15,자동계산!$B$15),IF($B10="언어와 매체",자동계산!$E$15,자동계산!$C$15),0))) | BJ10: =IF($A10="","",IF(Q10="",0,IF(Q10=IF($B10="언어와 매체",자동계산!$D$16,자동계산!$B$16),IF($B10="언어와 매체",자동계산!$E$16,자동계산!$C$16),0))) | BK10: =IF($A10="","",IF(R10="",0,IF(R10=IF($B10="언어와 매체",자동계산!$D$17,자동계산!$B$17),IF($B10="언어와 매체",자동계산!$E$17,자동계산!$C$17),0))) | BL10: =IF($A10="","",IF(S10="",0,IF(S10=IF($B10="언어와 매체",자동계산!$D$18,자동계산!$B$18),IF($B10="언어와 매체",자동계산!$E$18,자동계산!$C$18),0))) | BM10: =IF($A10="","",IF(T10="",0,IF(T10=IF($B10="언어와 매체",자동계산!$D$19,자동계산!$B$19),IF($B10="언어와 매체",자동계산!$E$19,자동계산!$C$19),0))) | BN10: =IF($A10="","",IF(U10="",0,IF(U10=IF($B10="언어와 매체",자동계산!$D$20,자동계산!$B$20),IF($B10="언어와 매체",자동계산!$E$20,자동계산!$C$20),0))) | BO10: =IF($A10="","",IF(V10="",0,IF(V10=IF($B10="언어와 매체",자동계산!$D$21,자동계산!$B$21),IF($B10="언어와 매체",자동계산!$E$21,자동계산!$C$21),0))) | BP10: =IF($A10="","",IF(W10="",0,IF(W10=IF($B10="언어와 매체",자동계산!$D$22,자동계산!$B$22),IF($B10="언어와 매체",자동계산!$E$22,자동계산!$C$22),0))) | BQ10: =IF($A10="","",IF(X10="",0,IF(X10=IF($B10="언어와 매체",자동계산!$D$23,자동계산!$B$23),IF($B10="언어와 매체",자동계산!$E$23,자동계산!$C$23),0))) | BR10: =IF($A10="","",IF(Y10="",0,IF(Y10=IF($B10="언어와 매체",자동계산!$D$24,자동계산!$B$24),IF($B10="언어와 매체",자동계산!$E$24,자동계산!$C$24),0))) | BS10: =IF($A10="","",IF(Z10="",0,IF(Z10=IF($B10="언어와 매체",자동계산!$D$25,자동계산!$B$25),IF($B10="언어와 매체",자동계산!$E$25,자동계산!$C$25),0))) | BT10: =IF($A10="","",IF(AA10="",0,IF(AA10=IF($B10="언어와 매체",자동계산!$D$26,자동계산!$B$26),IF($B10="언어와 매체",자동계산!$E$26,자동계산!$C$26),0))) | BU10: =IF($A10="","",IF(AB10="",0,IF(AB10=IF($B10="언어와 매체",자동계산!$D$27,자동계산!$B$27),IF($B10="언어와 매체",자동계산!$E$27,자동계산!$C$27),0))) | BV10: =IF($A10="","",IF(AC10="",0,IF(AC10=IF($B10="언어와 매체",자동계산!$D$28,자동계산!$B$28),IF($B10="언어와 매체",자동계산!$E$28,자동계산!$C$28),0))) | BW10: =IF($A10="","",IF(AD10="",0,IF(AD10=IF($B10="언어와 매체",자동계산!$D$29,자동계산!$B$29),IF($B10="언어와 매체",자동계산!$E$29,자동계산!$C$29),0))) | BX10: =IF($A10="","",IF(AE10="",0,IF(AE10=IF($B10="언어와 매체",자동계산!$D$30,자동계산!$B$30),IF($B10="언어와 매체",자동계산!$E$30,자동계산!$C$30),0))) | BY10: =IF($A10="","",IF(AF10="",0,IF(AF10=IF($B10="언어와 매체",자동계산!$D$31,자동계산!$B$31),IF($B10="언어와 매체",자동계산!$E$31,자동계산!$C$31),0))) | BZ10: =IF($A10="","",IF(AG10="",0,IF(AG10=IF($B10="언어와 매체",자동계산!$D$32,자동계산!$B$32),IF($B10="언어와 매체",자동계산!$E$32,자동계산!$C$32),0))) | CA10: =IF($A10="","",IF(AH10="",0,IF(AH10=IF($B10="언어와 매체",자동계산!$D$33,자동계산!$B$33),IF($B10="언어와 매체",자동계산!$E$33,자동계산!$C$33),0))) | CB10: =IF($A10="","",IF(AI10="",0,IF(AI10=IF($B10="언어와 매체",자동계산!$D$34,자동계산!$B$34),IF($B10="언어와 매체",자동계산!$E$34,자동계산!$C$34),0))) | CC10: =IF($A10="","",IF(AJ10="",0,IF(AJ10=IF($B10="언어와 매체",자동계산!$D$35,자동계산!$B$35),IF($B10="언어와 매체",자동계산!$E$35,자동계산!$C$35),0))) | CD10: =IF($A10="","",IF(AK10="",0,IF(AK10=IF($B10="언어와 매체",자동계산!$D$36,자동계산!$B$36),IF($B10="언어와 매체",자동계산!$E$36,자동계산!$C$36),0))) | CE10: =IF($A10="","",IF(AL10="",0,IF(AL10=IF($B10="언어와 매체",자동계산!$D$37,자동계산!$B$37),IF($B10="언어와 매체",자동계산!$E$37,자동계산!$C$37),0))) | CF10: =IF($A10="","",IF(AM10="",0,IF(AM10=IF($B10="언어와 매체",자동계산!$D$38,자동계산!$B$38),IF($B10="언어와 매체",자동계산!$E$38,자동계산!$C$38),0))) | CG10: =IF($A10="","",IF(AN10="",0,IF(AN10=IF($B10="언어와 매체",자동계산!$D$39,자동계산!$B$39),IF($B10="언어와 매체",자동계산!$E$39,자동계산!$C$39),0))) | CH10: =IF($A10="","",IF(AO10="",0,IF(AO10=IF($B10="언어와 매체",자동계산!$D$40,자동계산!$B$40),IF($B10="언어와 매체",자동계산!$E$40,자동계산!$C$40),0))) | CI10: =IF($A10="","",IF(AP10="",0,IF(AP10=IF($B10="언어와 매체",자동계산!$D$41,자동계산!$B$41),IF($B10="언어와 매체",자동계산!$E$41,자동계산!$C$41),0))) | CJ10: =IF($A10="","",IF(AQ10="",0,IF(AQ10=IF($B10="언어와 매체",자동계산!$D$42,자동계산!$B$42),IF($B10="언어와 매체",자동계산!$E$42,자동계산!$C$42),0))) | CK10: =IF($A10="","",IF(AR10="",0,IF(AR10=IF($B10="언어와 매체",자동계산!$D$43,자동계산!$B$43),IF($B10="언어와 매체",자동계산!$E$43,자동계산!$C$43),0))) | CL10: =IF($A10="","",IF(AS10="",0,IF(AS10=IF($B10="언어와 매체",자동계산!$D$44,자동계산!$B$44),IF($B10="언어와 매체",자동계산!$E$44,자동계산!$C$44),0))) | CM10: =IF($A10="","",IF(AT10="",0,IF(AT10=IF($B10="언어와 매체",자동계산!$D$45,자동계산!$B$45),IF($B10="언어와 매체",자동계산!$E$45,자동계산!$C$45),0))) | CN10: =IF($A10="","",IF(AU10="",0,IF(AU10=IF($B10="언어와 매체",자동계산!$D$46,자동계산!$B$46),IF($B10="언어와 매체",자동계산!$E$46,자동계산!$C$46),0))) | CO10: =IF($A10="","",IF(AV10="",0,IF(AV10=IF($B10="언어와 매체",자동계산!$D$47,자동계산!$B$47),IF($B10="언어와 매체",자동계산!$E$47,자동계산!$C$47),0))) | CP10: =IF($A10="","",IF(AW10="",0,IF(AW10=IF($B10="언어와 매체",자동계산!$D$48,자동계산!$B$48),IF($B10="언어와 매체",자동계산!$E$48,자동계산!$C$48),0)))
A11: =IF(답안입력!A11="","",답안입력!A11) | B11: =IF($A11="","",답안입력!C11) | C11: =IF($A11="","",SUM(AX11:CP11)) | D11: =IF($A11="","",IF($C11>=IF($B11="언어와 매체",회차설정!$B$9,회차설정!$B$8),"1등급",IF($C11>=IF($B11="언어와 매체",회차설정!$C$9,회차설정!$C$8),"2등급",IF($C11>=IF($B11="언어와 매체",회차설정!$D$9,회차설정!$D$8),"3등급",IF($C11>=IF($B11="언어와 매체",회차설정!$E$9,회차설정!$E$8),"4등급","등급 외"))))) | E11: =IF($A11="","",IF(LEN(답안입력!$D11)>=1,VALUE(MID(답안입력!$D11,1,1)),IF(답안입력!E11="","",답안입력!E11))) | F11: =IF($A11="","",IF(LEN(답안입력!$D11)>=2,VALUE(MID(답안입력!$D11,2,1)),IF(답안입력!F11="","",답안입력!F11))) | G11: =IF($A11="","",IF(LEN(답안입력!$D11)>=3,VALUE(MID(답안입력!$D11,3,1)),IF(답안입력!G11="","",답안입력!G11))) | H11: =IF($A11="","",IF(LEN(답안입력!$D11)>=4,VALUE(MID(답안입력!$D11,4,1)),IF(답안입력!H11="","",답안입력!H11))) | I11: =IF($A11="","",IF(LEN(답안입력!$D11)>=5,VALUE(MID(답안입력!$D11,5,1)),IF(답안입력!I11="","",답안입력!I11))) | J11: =IF($A11="","",IF(LEN(답안입력!$D11)>=6,VALUE(MID(답안입력!$D11,6,1)),IF(답안입력!J11="","",답안입력!J11))) | K11: =IF($A11="","",IF(LEN(답안입력!$D11)>=7,VALUE(MID(답안입력!$D11,7,1)),IF(답안입력!K11="","",답안입력!K11))) | L11: =IF($A11="","",IF(LEN(답안입력!$D11)>=8,VALUE(MID(답안입력!$D11,8,1)),IF(답안입력!L11="","",답안입력!L11))) | M11: =IF($A11="","",IF(LEN(답안입력!$D11)>=9,VALUE(MID(답안입력!$D11,9,1)),IF(답안입력!M11="","",답안입력!M11))) | N11: =IF($A11="","",IF(LEN(답안입력!$D11)>=10,VALUE(MID(답안입력!$D11,10,1)),IF(답안입력!N11="","",답안입력!N11))) | O11: =IF($A11="","",IF(LEN(답안입력!$D11)>=11,VALUE(MID(답안입력!$D11,11,1)),IF(답안입력!O11="","",답안입력!O11))) | P11: =IF($A11="","",IF(LEN(답안입력!$D11)>=12,VALUE(MID(답안입력!$D11,12,1)),IF(답안입력!P11="","",답안입력!P11))) | Q11: =IF($A11="","",IF(LEN(답안입력!$D11)>=13,VALUE(MID(답안입력!$D11,13,1)),IF(답안입력!Q11="","",답안입력!Q11))) | R11: =IF($A11="","",IF(LEN(답안입력!$D11)>=14,VALUE(MID(답안입력!$D11,14,1)),IF(답안입력!R11="","",답안입력!R11))) | S11: =IF($A11="","",IF(LEN(답안입력!$D11)>=15,VALUE(MID(답안입력!$D11,15,1)),IF(답안입력!S11="","",답안입력!S11))) | T11: =IF($A11="","",IF(LEN(답안입력!$D11)>=16,VALUE(MID(답안입력!$D11,16,1)),IF(답안입력!T11="","",답안입력!T11))) | U11: =IF($A11="","",IF(LEN(답안입력!$D11)>=17,VALUE(MID(답안입력!$D11,17,1)),IF(답안입력!U11="","",답안입력!U11))) | V11: =IF($A11="","",IF(LEN(답안입력!$D11)>=18,VALUE(MID(답안입력!$D11,18,1)),IF(답안입력!V11="","",답안입력!V11))) | W11: =IF($A11="","",IF(LEN(답안입력!$D11)>=19,VALUE(MID(답안입력!$D11,19,1)),IF(답안입력!W11="","",답안입력!W11))) | X11: =IF($A11="","",IF(LEN(답안입력!$D11)>=20,VALUE(MID(답안입력!$D11,20,1)),IF(답안입력!X11="","",답안입력!X11))) | Y11: =IF($A11="","",IF(LEN(답안입력!$D11)>=21,VALUE(MID(답안입력!$D11,21,1)),IF(답안입력!Y11="","",답안입력!Y11))) | Z11: =IF($A11="","",IF(LEN(답안입력!$D11)>=22,VALUE(MID(답안입력!$D11,22,1)),IF(답안입력!Z11="","",답안입력!Z11))) | AA11: =IF($A11="","",IF(LEN(답안입력!$D11)>=23,VALUE(MID(답안입력!$D11,23,1)),IF(답안입력!AA11="","",답안입력!AA11))) | AB11: =IF($A11="","",IF(LEN(답안입력!$D11)>=24,VALUE(MID(답안입력!$D11,24,1)),IF(답안입력!AB11="","",답안입력!AB11))) | AC11: =IF($A11="","",IF(LEN(답안입력!$D11)>=25,VALUE(MID(답안입력!$D11,25,1)),IF(답안입력!AC11="","",답안입력!AC11))) | AD11: =IF($A11="","",IF(LEN(답안입력!$D11)>=26,VALUE(MID(답안입력!$D11,26,1)),IF(답안입력!AD11="","",답안입력!AD11))) | AE11: =IF($A11="","",IF(LEN(답안입력!$D11)>=27,VALUE(MID(답안입력!$D11,27,1)),IF(답안입력!AE11="","",답안입력!AE11))) | AF11: =IF($A11="","",IF(LEN(답안입력!$D11)>=28,VALUE(MID(답안입력!$D11,28,1)),IF(답안입력!AF11="","",답안입력!AF11))) | AG11: =IF($A11="","",IF(LEN(답안입력!$D11)>=29,VALUE(MID(답안입력!$D11,29,1)),IF(답안입력!AG11="","",답안입력!AG11))) | AH11: =IF($A11="","",IF(LEN(답안입력!$D11)>=30,VALUE(MID(답안입력!$D11,30,1)),IF(답안입력!AH11="","",답안입력!AH11))) | AI11: =IF($A11="","",IF(LEN(답안입력!$D11)>=31,VALUE(MID(답안입력!$D11,31,1)),IF(답안입력!AI11="","",답안입력!AI11))) | AJ11: =IF($A11="","",IF(LEN(답안입력!$D11)>=32,VALUE(MID(답안입력!$D11,32,1)),IF(답안입력!AJ11="","",답안입력!AJ11))) | AK11: =IF($A11="","",IF(LEN(답안입력!$D11)>=33,VALUE(MID(답안입력!$D11,33,1)),IF(답안입력!AK11="","",답안입력!AK11))) | AL11: =IF($A11="","",IF(LEN(답안입력!$D11)>=34,VALUE(MID(답안입력!$D11,34,1)),IF(답안입력!AL11="","",답안입력!AL11))) | AM11: =IF($A11="","",IF(LEN(답안입력!$D11)>=35,VALUE(MID(답안입력!$D11,35,1)),IF(답안입력!AM11="","",답안입력!AM11))) | AN11: =IF($A11="","",IF(LEN(답안입력!$D11)>=36,VALUE(MID(답안입력!$D11,36,1)),IF(답안입력!AN11="","",답안입력!AN11))) | AO11: =IF($A11="","",IF(LEN(답안입력!$D11)>=37,VALUE(MID(답안입력!$D11,37,1)),IF(답안입력!AO11="","",답안입력!AO11))) | AP11: =IF($A11="","",IF(LEN(답안입력!$D11)>=38,VALUE(MID(답안입력!$D11,38,1)),IF(답안입력!AP11="","",답안입력!AP11))) | AQ11: =IF($A11="","",IF(LEN(답안입력!$D11)>=39,VALUE(MID(답안입력!$D11,39,1)),IF(답안입력!AQ11="","",답안입력!AQ11))) | AR11: =IF($A11="","",IF(LEN(답안입력!$D11)>=40,VALUE(MID(답안입력!$D11,40,1)),IF(답안입력!AR11="","",답안입력!AR11))) | AS11: =IF($A11="","",IF(LEN(답안입력!$D11)>=41,VALUE(MID(답안입력!$D11,41,1)),IF(답안입력!AS11="","",답안입력!AS11))) | AT11: =IF($A11="","",IF(LEN(답안입력!$D11)>=42,VALUE(MID(답안입력!$D11,42,1)),IF(답안입력!AT11="","",답안입력!AT11))) | AU11: =IF($A11="","",IF(LEN(답안입력!$D11)>=43,VALUE(MID(답안입력!$D11,43,1)),IF(답안입력!AU11="","",답안입력!AU11))) | AV11: =IF($A11="","",IF(LEN(답안입력!$D11)>=44,VALUE(MID(답안입력!$D11,44,1)),IF(답안입력!AV11="","",답안입력!AV11))) | AW11: =IF($A11="","",IF(LEN(답안입력!$D11)>=45,VALUE(MID(답안입력!$D11,45,1)),IF(답안입력!AW11="","",답안입력!AW11))) | AX11: =IF($A11="","",IF(E11="",0,IF(E11=IF($B11="언어와 매체",자동계산!$D$4,자동계산!$B$4),IF($B11="언어와 매체",자동계산!$E$4,자동계산!$C$4),0))) | AY11: =IF($A11="","",IF(F11="",0,IF(F11=IF($B11="언어와 매체",자동계산!$D$5,자동계산!$B$5),IF($B11="언어와 매체",자동계산!$E$5,자동계산!$C$5),0))) | AZ11: =IF($A11="","",IF(G11="",0,IF(G11=IF($B11="언어와 매체",자동계산!$D$6,자동계산!$B$6),IF($B11="언어와 매체",자동계산!$E$6,자동계산!$C$6),0))) | BA11: =IF($A11="","",IF(H11="",0,IF(H11=IF($B11="언어와 매체",자동계산!$D$7,자동계산!$B$7),IF($B11="언어와 매체",자동계산!$E$7,자동계산!$C$7),0))) | BB11: =IF($A11="","",IF(I11="",0,IF(I11=IF($B11="언어와 매체",자동계산!$D$8,자동계산!$B$8),IF($B11="언어와 매체",자동계산!$E$8,자동계산!$C$8),0))) | BC11: =IF($A11="","",IF(J11="",0,IF(J11=IF($B11="언어와 매체",자동계산!$D$9,자동계산!$B$9),IF($B11="언어와 매체",자동계산!$E$9,자동계산!$C$9),0))) | BD11: =IF($A11="","",IF(K11="",0,IF(K11=IF($B11="언어와 매체",자동계산!$D$10,자동계산!$B$10),IF($B11="언어와 매체",자동계산!$E$10,자동계산!$C$10),0))) | BE11: =IF($A11="","",IF(L11="",0,IF(L11=IF($B11="언어와 매체",자동계산!$D$11,자동계산!$B$11),IF($B11="언어와 매체",자동계산!$E$11,자동계산!$C$11),0))) | BF11: =IF($A11="","",IF(M11="",0,IF(M11=IF($B11="언어와 매체",자동계산!$D$12,자동계산!$B$12),IF($B11="언어와 매체",자동계산!$E$12,자동계산!$C$12),0))) | BG11: =IF($A11="","",IF(N11="",0,IF(N11=IF($B11="언어와 매체",자동계산!$D$13,자동계산!$B$13),IF($B11="언어와 매체",자동계산!$E$13,자동계산!$C$13),0))) | BH11: =IF($A11="","",IF(O11="",0,IF(O11=IF($B11="언어와 매체",자동계산!$D$14,자동계산!$B$14),IF($B11="언어와 매체",자동계산!$E$14,자동계산!$C$14),0))) | BI11: =IF($A11="","",IF(P11="",0,IF(P11=IF($B11="언어와 매체",자동계산!$D$15,자동계산!$B$15),IF($B11="언어와 매체",자동계산!$E$15,자동계산!$C$15),0))) | BJ11: =IF($A11="","",IF(Q11="",0,IF(Q11=IF($B11="언어와 매체",자동계산!$D$16,자동계산!$B$16),IF($B11="언어와 매체",자동계산!$E$16,자동계산!$C$16),0))) | BK11: =IF($A11="","",IF(R11="",0,IF(R11=IF($B11="언어와 매체",자동계산!$D$17,자동계산!$B$17),IF($B11="언어와 매체",자동계산!$E$17,자동계산!$C$17),0))) | BL11: =IF($A11="","",IF(S11="",0,IF(S11=IF($B11="언어와 매체",자동계산!$D$18,자동계산!$B$18),IF($B11="언어와 매체",자동계산!$E$18,자동계산!$C$18),0))) | BM11: =IF($A11="","",IF(T11="",0,IF(T11=IF($B11="언어와 매체",자동계산!$D$19,자동계산!$B$19),IF($B11="언어와 매체",자동계산!$E$19,자동계산!$C$19),0))) | BN11: =IF($A11="","",IF(U11="",0,IF(U11=IF($B11="언어와 매체",자동계산!$D$20,자동계산!$B$20),IF($B11="언어와 매체",자동계산!$E$20,자동계산!$C$20),0))) | BO11: =IF($A11="","",IF(V11="",0,IF(V11=IF($B11="언어와 매체",자동계산!$D$21,자동계산!$B$21),IF($B11="언어와 매체",자동계산!$E$21,자동계산!$C$21),0))) | BP11: =IF($A11="","",IF(W11="",0,IF(W11=IF($B11="언어와 매체",자동계산!$D$22,자동계산!$B$22),IF($B11="언어와 매체",자동계산!$E$22,자동계산!$C$22),0))) | BQ11: =IF($A11="","",IF(X11="",0,IF(X11=IF($B11="언어와 매체",자동계산!$D$23,자동계산!$B$23),IF($B11="언어와 매체",자동계산!$E$23,자동계산!$C$23),0))) | BR11: =IF($A11="","",IF(Y11="",0,IF(Y11=IF($B11="언어와 매체",자동계산!$D$24,자동계산!$B$24),IF($B11="언어와 매체",자동계산!$E$24,자동계산!$C$24),0))) | BS11: =IF($A11="","",IF(Z11="",0,IF(Z11=IF($B11="언어와 매체",자동계산!$D$25,자동계산!$B$25),IF($B11="언어와 매체",자동계산!$E$25,자동계산!$C$25),0))) | BT11: =IF($A11="","",IF(AA11="",0,IF(AA11=IF($B11="언어와 매체",자동계산!$D$26,자동계산!$B$26),IF($B11="언어와 매체",자동계산!$E$26,자동계산!$C$26),0))) | BU11: =IF($A11="","",IF(AB11="",0,IF(AB11=IF($B11="언어와 매체",자동계산!$D$27,자동계산!$B$27),IF($B11="언어와 매체",자동계산!$E$27,자동계산!$C$27),0))) | BV11: =IF($A11="","",IF(AC11="",0,IF(AC11=IF($B11="언어와 매체",자동계산!$D$28,자동계산!$B$28),IF($B11="언어와 매체",자동계산!$E$28,자동계산!$C$28),0))) | BW11: =IF($A11="","",IF(AD11="",0,IF(AD11=IF($B11="언어와 매체",자동계산!$D$29,자동계산!$B$29),IF($B11="언어와 매체",자동계산!$E$29,자동계산!$C$29),0))) | BX11: =IF($A11="","",IF(AE11="",0,IF(AE11=IF($B11="언어와 매체",자동계산!$D$30,자동계산!$B$30),IF($B11="언어와 매체",자동계산!$E$30,자동계산!$C$30),0))) | BY11: =IF($A11="","",IF(AF11="",0,IF(AF11=IF($B11="언어와 매체",자동계산!$D$31,자동계산!$B$31),IF($B11="언어와 매체",자동계산!$E$31,자동계산!$C$31),0))) | BZ11: =IF($A11="","",IF(AG11="",0,IF(AG11=IF($B11="언어와 매체",자동계산!$D$32,자동계산!$B$32),IF($B11="언어와 매체",자동계산!$E$32,자동계산!$C$32),0))) | CA11: =IF($A11="","",IF(AH11="",0,IF(AH11=IF($B11="언어와 매체",자동계산!$D$33,자동계산!$B$33),IF($B11="언어와 매체",자동계산!$E$33,자동계산!$C$33),0))) | CB11: =IF($A11="","",IF(AI11="",0,IF(AI11=IF($B11="언어와 매체",자동계산!$D$34,자동계산!$B$34),IF($B11="언어와 매체",자동계산!$E$34,자동계산!$C$34),0))) | CC11: =IF($A11="","",IF(AJ11="",0,IF(AJ11=IF($B11="언어와 매체",자동계산!$D$35,자동계산!$B$35),IF($B11="언어와 매체",자동계산!$E$35,자동계산!$C$35),0))) | CD11: =IF($A11="","",IF(AK11="",0,IF(AK11=IF($B11="언어와 매체",자동계산!$D$36,자동계산!$B$36),IF($B11="언어와 매체",자동계산!$E$36,자동계산!$C$36),0))) | CE11: =IF($A11="","",IF(AL11="",0,IF(AL11=IF($B11="언어와 매체",자동계산!$D$37,자동계산!$B$37),IF($B11="언어와 매체",자동계산!$E$37,자동계산!$C$37),0))) | CF11: =IF($A11="","",IF(AM11="",0,IF(AM11=IF($B11="언어와 매체",자동계산!$D$38,자동계산!$B$38),IF($B11="언어와 매체",자동계산!$E$38,자동계산!$C$38),0))) | CG11: =IF($A11="","",IF(AN11="",0,IF(AN11=IF($B11="언어와 매체",자동계산!$D$39,자동계산!$B$39),IF($B11="언어와 매체",자동계산!$E$39,자동계산!$C$39),0))) | CH11: =IF($A11="","",IF(AO11="",0,IF(AO11=IF($B11="언어와 매체",자동계산!$D$40,자동계산!$B$40),IF($B11="언어와 매체",자동계산!$E$40,자동계산!$C$40),0))) | CI11: =IF($A11="","",IF(AP11="",0,IF(AP11=IF($B11="언어와 매체",자동계산!$D$41,자동계산!$B$41),IF($B11="언어와 매체",자동계산!$E$41,자동계산!$C$41),0))) | CJ11: =IF($A11="","",IF(AQ11="",0,IF(AQ11=IF($B11="언어와 매체",자동계산!$D$42,자동계산!$B$42),IF($B11="언어와 매체",자동계산!$E$42,자동계산!$C$42),0))) | CK11: =IF($A11="","",IF(AR11="",0,IF(AR11=IF($B11="언어와 매체",자동계산!$D$43,자동계산!$B$43),IF($B11="언어와 매체",자동계산!$E$43,자동계산!$C$43),0))) | CL11: =IF($A11="","",IF(AS11="",0,IF(AS11=IF($B11="언어와 매체",자동계산!$D$44,자동계산!$B$44),IF($B11="언어와 매체",자동계산!$E$44,자동계산!$C$44),0))) | CM11: =IF($A11="","",IF(AT11="",0,IF(AT11=IF($B11="언어와 매체",자동계산!$D$45,자동계산!$B$45),IF($B11="언어와 매체",자동계산!$E$45,자동계산!$C$45),0))) | CN11: =IF($A11="","",IF(AU11="",0,IF(AU11=IF($B11="언어와 매체",자동계산!$D$46,자동계산!$B$46),IF($B11="언어와 매체",자동계산!$E$46,자동계산!$C$46),0))) | CO11: =IF($A11="","",IF(AV11="",0,IF(AV11=IF($B11="언어와 매체",자동계산!$D$47,자동계산!$B$47),IF($B11="언어와 매체",자동계산!$E$47,자동계산!$C$47),0))) | CP11: =IF($A11="","",IF(AW11="",0,IF(AW11=IF($B11="언어와 매체",자동계산!$D$48,자동계산!$B$48),IF($B11="언어와 매체",자동계산!$E$48,자동계산!$C$48),0)))
